"Time","Area","Value","Metric","Category"
"1992K1","Hele landet","29.5","Index","Vacation house"
"1992K1"," Byen København","0.0","Index","Vacation house"
"1992K1"," Københavns omegn","0.0","Index","Vacation house"
"1992K1"," Nordsjælland","17.5","Index","Vacation house"
"1992K1"," Bornholm","0.0","Index","Vacation house"
"1992K1"," Østsjælland","17.9","Index","Vacation house"
"1992K1"," Vest- og Sydsjælland","22.1","Index","Vacation house"
"1992K1"," Fyn","27.3","Index","Vacation house"
"1992K1"," Sydjylland","32.3","Index","Vacation house"
"1992K1"," Østjylland","25.4","Index","Vacation house"
"1992K1"," Vestjylland","39.8","Index","Vacation house"
"1992K1"," Nordjylland","31.4","Index","Vacation house"
"1992K2","Hele landet","29.0","Index","Vacation house"
"1992K2"," Byen København","0.0","Index","Vacation house"
"1992K2"," Københavns omegn","0.0","Index","Vacation house"
"1992K2"," Nordsjælland","17.4","Index","Vacation house"
"1992K2"," Bornholm","0.0","Index","Vacation house"
"1992K2"," Østsjælland","17.7","Index","Vacation house"
"1992K2"," Vest- og Sydsjælland","21.7","Index","Vacation house"
"1992K2"," Fyn","27.2","Index","Vacation house"
"1992K2"," Sydjylland","31.1","Index","Vacation house"
"1992K2"," Østjylland","26.2","Index","Vacation house"
"1992K2"," Vestjylland","39.1","Index","Vacation house"
"1992K2"," Nordjylland","30.6","Index","Vacation house"
"1992K3","Hele landet","28.7","Index","Vacation house"
"1992K3"," Byen København","0.0","Index","Vacation house"
"1992K3"," Københavns omegn","0.0","Index","Vacation house"
"1992K3"," Nordsjælland","16.7","Index","Vacation house"
"1992K3"," Bornholm","0.0","Index","Vacation house"
"1992K3"," Østsjælland","17.7","Index","Vacation house"
"1992K3"," Vest- og Sydsjælland","21.1","Index","Vacation house"
"1992K3"," Fyn","29.1","Index","Vacation house"
"1992K3"," Sydjylland","31.6","Index","Vacation house"
"1992K3"," Østjylland","24.9","Index","Vacation house"
"1992K3"," Vestjylland","40.8","Index","Vacation house"
"1992K3"," Nordjylland","31.6","Index","Vacation house"
"1992K4","Hele landet","28.7","Index","Vacation house"
"1992K4"," Byen København","0.0","Index","Vacation house"
"1992K4"," Københavns omegn","0.0","Index","Vacation house"
"1992K4"," Nordsjælland","17.0","Index","Vacation house"
"1992K4"," Bornholm","0.0","Index","Vacation house"
"1992K4"," Østsjælland","17.0","Index","Vacation house"
"1992K4"," Vest- og Sydsjælland","21.1","Index","Vacation house"
"1992K4"," Fyn","27.5","Index","Vacation house"
"1992K4"," Sydjylland","30.9","Index","Vacation house"
"1992K4"," Østjylland","26.4","Index","Vacation house"
"1992K4"," Vestjylland","39.9","Index","Vacation house"
"1992K4"," Nordjylland","30.6","Index","Vacation house"
"1993K1","Hele landet","28.5","Index","Vacation house"
"1993K1"," Byen København","0.0","Index","Vacation house"
"1993K1"," Københavns omegn","0.0","Index","Vacation house"
"1993K1"," Nordsjælland","16.6","Index","Vacation house"
"1993K1"," Bornholm","0.0","Index","Vacation house"
"1993K1"," Østsjælland","17.4","Index","Vacation house"
"1993K1"," Vest- og Sydsjælland","20.8","Index","Vacation house"
"1993K1"," Fyn","26.8","Index","Vacation house"
"1993K1"," Sydjylland","30.6","Index","Vacation house"
"1993K1"," Østjylland","25.4","Index","Vacation house"
"1993K1"," Vestjylland","39.4","Index","Vacation house"
"1993K1"," Nordjylland","31.2","Index","Vacation house"
"1993K2","Hele landet","28.4","Index","Vacation house"
"1993K2"," Byen København","0.0","Index","Vacation house"
"1993K2"," Københavns omegn","0.0","Index","Vacation house"
"1993K2"," Nordsjælland","16.2","Index","Vacation house"
"1993K2"," Bornholm","0.0","Index","Vacation house"
"1993K2"," Østsjælland","16.0","Index","Vacation house"
"1993K2"," Vest- og Sydsjælland","21.0","Index","Vacation house"
"1993K2"," Fyn","28.0","Index","Vacation house"
"1993K2"," Sydjylland","30.7","Index","Vacation house"
"1993K2"," Østjylland","25.9","Index","Vacation house"
"1993K2"," Vestjylland","39.2","Index","Vacation house"
"1993K2"," Nordjylland","31.0","Index","Vacation house"
"1993K3","Hele landet","28.7","Index","Vacation house"
"1993K3"," Byen København","0.0","Index","Vacation house"
"1993K3"," Københavns omegn","0.0","Index","Vacation house"
"1993K3"," Nordsjælland","16.7","Index","Vacation house"
"1993K3"," Bornholm","0.0","Index","Vacation house"
"1993K3"," Østsjælland","17.2","Index","Vacation house"
"1993K3"," Vest- og Sydsjælland","21.3","Index","Vacation house"
"1993K3"," Fyn","29.1","Index","Vacation house"
"1993K3"," Sydjylland","31.8","Index","Vacation house"
"1993K3"," Østjylland","25.5","Index","Vacation house"
"1993K3"," Vestjylland","39.1","Index","Vacation house"
"1993K3"," Nordjylland","31.0","Index","Vacation house"
"1993K4","Hele landet","29.8","Index","Vacation house"
"1993K4"," Byen København","0.0","Index","Vacation house"
"1993K4"," Københavns omegn","0.0","Index","Vacation house"
"1993K4"," Nordsjælland","17.3","Index","Vacation house"
"1993K4"," Bornholm","0.0","Index","Vacation house"
"1993K4"," Østsjælland","17.1","Index","Vacation house"
"1993K4"," Vest- og Sydsjælland","20.8","Index","Vacation house"
"1993K4"," Fyn","29.6","Index","Vacation house"
"1993K4"," Sydjylland","35.2","Index","Vacation house"
"1993K4"," Østjylland","26.6","Index","Vacation house"
"1993K4"," Vestjylland","40.1","Index","Vacation house"
"1993K4"," Nordjylland","31.0","Index","Vacation house"
"1994K1","Hele landet","30.9","Index","Vacation house"
"1994K1"," Byen København","0.0","Index","Vacation house"
"1994K1"," Københavns omegn","0.0","Index","Vacation house"
"1994K1"," Nordsjælland","17.6","Index","Vacation house"
"1994K1"," Bornholm","0.0","Index","Vacation house"
"1994K1"," Østsjælland","17.6","Index","Vacation house"
"1994K1"," Vest- og Sydsjælland","22.5","Index","Vacation house"
"1994K1"," Fyn","29.5","Index","Vacation house"
"1994K1"," Sydjylland","34.1","Index","Vacation house"
"1994K1"," Østjylland","27.0","Index","Vacation house"
"1994K1"," Vestjylland","42.7","Index","Vacation house"
"1994K1"," Nordjylland","33.5","Index","Vacation house"
"1994K2","Hele landet","30.4","Index","Vacation house"
"1994K2"," Byen København","0.0","Index","Vacation house"
"1994K2"," Københavns omegn","0.0","Index","Vacation house"
"1994K2"," Nordsjælland","17.7","Index","Vacation house"
"1994K2"," Bornholm","0.0","Index","Vacation house"
"1994K2"," Østsjælland","18.7","Index","Vacation house"
"1994K2"," Vest- og Sydsjælland","22.6","Index","Vacation house"
"1994K2"," Fyn","30.7","Index","Vacation house"
"1994K2"," Sydjylland","34.4","Index","Vacation house"
"1994K2"," Østjylland","27.1","Index","Vacation house"
"1994K2"," Vestjylland","41.7","Index","Vacation house"
"1994K2"," Nordjylland","32.6","Index","Vacation house"
"1994K3","Hele landet","30.2","Index","Vacation house"
"1994K3"," Byen København","0.0","Index","Vacation house"
"1994K3"," Københavns omegn","0.0","Index","Vacation house"
"1994K3"," Nordsjælland","18.2","Index","Vacation house"
"1994K3"," Bornholm","0.0","Index","Vacation house"
"1994K3"," Østsjælland","18.6","Index","Vacation house"
"1994K3"," Vest- og Sydsjælland","22.2","Index","Vacation house"
"1994K3"," Fyn","29.3","Index","Vacation house"
"1994K3"," Sydjylland","33.5","Index","Vacation house"
"1994K3"," Østjylland","26.9","Index","Vacation house"
"1994K3"," Vestjylland","41.2","Index","Vacation house"
"1994K3"," Nordjylland","33.2","Index","Vacation house"
"1994K4","Hele landet","30.2","Index","Vacation house"
"1994K4"," Byen København","0.0","Index","Vacation house"
"1994K4"," Københavns omegn","0.0","Index","Vacation house"
"1994K4"," Nordsjælland","17.1","Index","Vacation house"
"1994K4"," Bornholm","0.0","Index","Vacation house"
"1994K4"," Østsjælland","18.0","Index","Vacation house"
"1994K4"," Vest- og Sydsjælland","22.1","Index","Vacation house"
"1994K4"," Fyn","29.4","Index","Vacation house"
"1994K4"," Sydjylland","33.4","Index","Vacation house"
"1994K4"," Østjylland","27.8","Index","Vacation house"
"1994K4"," Vestjylland","43.6","Index","Vacation house"
"1994K4"," Nordjylland","31.8","Index","Vacation house"
"1995K1","Hele landet","30.7","Index","Vacation house"
"1995K1"," Byen København","0.0","Index","Vacation house"
"1995K1"," Københavns omegn","0.0","Index","Vacation house"
"1995K1"," Nordsjælland","17.2","Index","Vacation house"
"1995K1"," Bornholm","0.0","Index","Vacation house"
"1995K1"," Østsjælland","18.3","Index","Vacation house"
"1995K1"," Vest- og Sydsjælland","22.0","Index","Vacation house"
"1995K1"," Fyn","30.8","Index","Vacation house"
"1995K1"," Sydjylland","36.2","Index","Vacation house"
"1995K1"," Østjylland","27.9","Index","Vacation house"
"1995K1"," Vestjylland","42.5","Index","Vacation house"
"1995K1"," Nordjylland","32.5","Index","Vacation house"
"1995K2","Hele landet","31.3","Index","Vacation house"
"1995K2"," Byen København","0.0","Index","Vacation house"
"1995K2"," Københavns omegn","0.0","Index","Vacation house"
"1995K2"," Nordsjælland","18.4","Index","Vacation house"
"1995K2"," Bornholm","0.0","Index","Vacation house"
"1995K2"," Østsjælland","19.6","Index","Vacation house"
"1995K2"," Vest- og Sydsjælland","22.7","Index","Vacation house"
"1995K2"," Fyn","32.3","Index","Vacation house"
"1995K2"," Sydjylland","35.4","Index","Vacation house"
"1995K2"," Østjylland","28.1","Index","Vacation house"
"1995K2"," Vestjylland","42.7","Index","Vacation house"
"1995K2"," Nordjylland","33.6","Index","Vacation house"
"1995K3","Hele landet","30.9","Index","Vacation house"
"1995K3"," Byen København","0.0","Index","Vacation house"
"1995K3"," Københavns omegn","0.0","Index","Vacation house"
"1995K3"," Nordsjælland","18.3","Index","Vacation house"
"1995K3"," Bornholm","0.0","Index","Vacation house"
"1995K3"," Østsjælland","20.1","Index","Vacation house"
"1995K3"," Vest- og Sydsjælland","22.8","Index","Vacation house"
"1995K3"," Fyn","32.1","Index","Vacation house"
"1995K3"," Sydjylland","33.9","Index","Vacation house"
"1995K3"," Østjylland","27.6","Index","Vacation house"
"1995K3"," Vestjylland","41.7","Index","Vacation house"
"1995K3"," Nordjylland","33.7","Index","Vacation house"
"1995K4","Hele landet","31.7","Index","Vacation house"
"1995K4"," Byen København","0.0","Index","Vacation house"
"1995K4"," Københavns omegn","0.0","Index","Vacation house"
"1995K4"," Nordsjælland","19.0","Index","Vacation house"
"1995K4"," Bornholm","0.0","Index","Vacation house"
"1995K4"," Østsjælland","21.1","Index","Vacation house"
"1995K4"," Vest- og Sydsjælland","22.2","Index","Vacation house"
"1995K4"," Fyn","30.5","Index","Vacation house"
"1995K4"," Sydjylland","34.6","Index","Vacation house"
"1995K4"," Østjylland","28.6","Index","Vacation house"
"1995K4"," Vestjylland","43.8","Index","Vacation house"
"1995K4"," Nordjylland","34.4","Index","Vacation house"
"1996K1","Hele landet","32.5","Index","Vacation house"
"1996K1"," Byen København","0.0","Index","Vacation house"
"1996K1"," Københavns omegn","0.0","Index","Vacation house"
"1996K1"," Nordsjælland","20.2","Index","Vacation house"
"1996K1"," Bornholm","0.0","Index","Vacation house"
"1996K1"," Østsjælland","21.3","Index","Vacation house"
"1996K1"," Vest- og Sydsjælland","24.6","Index","Vacation house"
"1996K1"," Fyn","33.4","Index","Vacation house"
"1996K1"," Sydjylland","39.2","Index","Vacation house"
"1996K1"," Østjylland","30.0","Index","Vacation house"
"1996K1"," Vestjylland","47.5","Index","Vacation house"
"1996K1"," Nordjylland","35.2","Index","Vacation house"
"1996K2","Hele landet","33.6","Index","Vacation house"
"1996K2"," Byen København","0.0","Index","Vacation house"
"1996K2"," Københavns omegn","0.0","Index","Vacation house"
"1996K2"," Nordsjælland","20.9","Index","Vacation house"
"1996K2"," Bornholm","0.0","Index","Vacation house"
"1996K2"," Østsjælland","22.9","Index","Vacation house"
"1996K2"," Vest- og Sydsjælland","25.2","Index","Vacation house"
"1996K2"," Fyn","35.9","Index","Vacation house"
"1996K2"," Sydjylland","41.2","Index","Vacation house"
"1996K2"," Østjylland","31.6","Index","Vacation house"
"1996K2"," Vestjylland","46.8","Index","Vacation house"
"1996K2"," Nordjylland","36.6","Index","Vacation house"
"1996K3","Hele landet","33.5","Index","Vacation house"
"1996K3"," Byen København","0.0","Index","Vacation house"
"1996K3"," Københavns omegn","0.0","Index","Vacation house"
"1996K3"," Nordsjælland","21.4","Index","Vacation house"
"1996K3"," Bornholm","0.0","Index","Vacation house"
"1996K3"," Østsjælland","22.0","Index","Vacation house"
"1996K3"," Vest- og Sydsjælland","24.8","Index","Vacation house"
"1996K3"," Fyn","36.1","Index","Vacation house"
"1996K3"," Sydjylland","40.5","Index","Vacation house"
"1996K3"," Østjylland","32.1","Index","Vacation house"
"1996K3"," Vestjylland","47.1","Index","Vacation house"
"1996K3"," Nordjylland","36.2","Index","Vacation house"
"1996K4","Hele landet","34.2","Index","Vacation house"
"1996K4"," Byen København","0.0","Index","Vacation house"
"1996K4"," Københavns omegn","0.0","Index","Vacation house"
"1996K4"," Nordsjælland","21.7","Index","Vacation house"
"1996K4"," Bornholm","0.0","Index","Vacation house"
"1996K4"," Østsjælland","22.9","Index","Vacation house"
"1996K4"," Vest- og Sydsjælland","25.0","Index","Vacation house"
"1996K4"," Fyn","38.6","Index","Vacation house"
"1996K4"," Sydjylland","41.6","Index","Vacation house"
"1996K4"," Østjylland","31.6","Index","Vacation house"
"1996K4"," Vestjylland","48.0","Index","Vacation house"
"1996K4"," Nordjylland","37.1","Index","Vacation house"
"1997K1","Hele landet","35.4","Index","Vacation house"
"1997K1"," Byen København","0.0","Index","Vacation house"
"1997K1"," Københavns omegn","0.0","Index","Vacation house"
"1997K1"," Nordsjælland","22.6","Index","Vacation house"
"1997K1"," Bornholm","0.0","Index","Vacation house"
"1997K1"," Østsjælland","23.7","Index","Vacation house"
"1997K1"," Vest- og Sydsjælland","26.0","Index","Vacation house"
"1997K1"," Fyn","37.9","Index","Vacation house"
"1997K1"," Sydjylland","42.4","Index","Vacation house"
"1997K1"," Østjylland","33.5","Index","Vacation house"
"1997K1"," Vestjylland","49.6","Index","Vacation house"
"1997K1"," Nordjylland","38.0","Index","Vacation house"
"1997K2","Hele landet","36.2","Index","Vacation house"
"1997K2"," Byen København","0.0","Index","Vacation house"
"1997K2"," Københavns omegn","0.0","Index","Vacation house"
"1997K2"," Nordsjælland","22.9","Index","Vacation house"
"1997K2"," Bornholm","0.0","Index","Vacation house"
"1997K2"," Østsjælland","26.2","Index","Vacation house"
"1997K2"," Vest- og Sydsjælland","26.8","Index","Vacation house"
"1997K2"," Fyn","40.1","Index","Vacation house"
"1997K2"," Sydjylland","42.7","Index","Vacation house"
"1997K2"," Østjylland","34.9","Index","Vacation house"
"1997K2"," Vestjylland","49.3","Index","Vacation house"
"1997K2"," Nordjylland","39.2","Index","Vacation house"
"1997K3","Hele landet","36.6","Index","Vacation house"
"1997K3"," Byen København","0.0","Index","Vacation house"
"1997K3"," Københavns omegn","0.0","Index","Vacation house"
"1997K3"," Nordsjælland","23.8","Index","Vacation house"
"1997K3"," Bornholm","0.0","Index","Vacation house"
"1997K3"," Østsjælland","23.8","Index","Vacation house"
"1997K3"," Vest- og Sydsjælland","26.8","Index","Vacation house"
"1997K3"," Fyn","41.5","Index","Vacation house"
"1997K3"," Sydjylland","43.9","Index","Vacation house"
"1997K3"," Østjylland","35.1","Index","Vacation house"
"1997K3"," Vestjylland","49.6","Index","Vacation house"
"1997K3"," Nordjylland","38.9","Index","Vacation house"
"1997K4","Hele landet","36.4","Index","Vacation house"
"1997K4"," Byen København","0.0","Index","Vacation house"
"1997K4"," Københavns omegn","0.0","Index","Vacation house"
"1997K4"," Nordsjælland","23.2","Index","Vacation house"
"1997K4"," Bornholm","0.0","Index","Vacation house"
"1997K4"," Østsjælland","25.1","Index","Vacation house"
"1997K4"," Vest- og Sydsjælland","26.7","Index","Vacation house"
"1997K4"," Fyn","39.5","Index","Vacation house"
"1997K4"," Sydjylland","42.3","Index","Vacation house"
"1997K4"," Østjylland","36.6","Index","Vacation house"
"1997K4"," Vestjylland","49.3","Index","Vacation house"
"1997K4"," Nordjylland","40.3","Index","Vacation house"
"1998K1","Hele landet","37.1","Index","Vacation house"
"1998K1"," Byen København","0.0","Index","Vacation house"
"1998K1"," Københavns omegn","0.0","Index","Vacation house"
"1998K1"," Nordsjælland","27.2","Index","Vacation house"
"1998K1"," Bornholm","0.0","Index","Vacation house"
"1998K1"," Østsjælland","30.0","Index","Vacation house"
"1998K1"," Vest- og Sydsjælland","29.0","Index","Vacation house"
"1998K1"," Fyn","47.9","Index","Vacation house"
"1998K1"," Sydjylland","43.8","Index","Vacation house"
"1998K1"," Østjylland","37.4","Index","Vacation house"
"1998K1"," Vestjylland","54.4","Index","Vacation house"
"1998K1"," Nordjylland","40.2","Index","Vacation house"
"1998K2","Hele landet","38.5","Index","Vacation house"
"1998K2"," Byen København","0.0","Index","Vacation house"
"1998K2"," Københavns omegn","0.0","Index","Vacation house"
"1998K2"," Nordsjælland","28.4","Index","Vacation house"
"1998K2"," Bornholm","0.0","Index","Vacation house"
"1998K2"," Østsjælland","29.3","Index","Vacation house"
"1998K2"," Vest- og Sydsjælland","30.6","Index","Vacation house"
"1998K2"," Fyn","49.9","Index","Vacation house"
"1998K2"," Sydjylland","45.2","Index","Vacation house"
"1998K2"," Østjylland","38.5","Index","Vacation house"
"1998K2"," Vestjylland","54.1","Index","Vacation house"
"1998K2"," Nordjylland","42.7","Index","Vacation house"
"1998K3","Hele landet","39.4","Index","Vacation house"
"1998K3"," Byen København","0.0","Index","Vacation house"
"1998K3"," Københavns omegn","0.0","Index","Vacation house"
"1998K3"," Nordsjælland","30.0","Index","Vacation house"
"1998K3"," Bornholm","0.0","Index","Vacation house"
"1998K3"," Østsjælland","30.3","Index","Vacation house"
"1998K3"," Vest- og Sydsjælland","30.5","Index","Vacation house"
"1998K3"," Fyn","50.4","Index","Vacation house"
"1998K3"," Sydjylland","45.8","Index","Vacation house"
"1998K3"," Østjylland","41.2","Index","Vacation house"
"1998K3"," Vestjylland","52.4","Index","Vacation house"
"1998K3"," Nordjylland","43.6","Index","Vacation house"
"1998K4","Hele landet","39.7","Index","Vacation house"
"1998K4"," Byen København","0.0","Index","Vacation house"
"1998K4"," Københavns omegn","0.0","Index","Vacation house"
"1998K4"," Nordsjælland","30.2","Index","Vacation house"
"1998K4"," Bornholm","0.0","Index","Vacation house"
"1998K4"," Østsjælland","32.1","Index","Vacation house"
"1998K4"," Vest- og Sydsjælland","31.0","Index","Vacation house"
"1998K4"," Fyn","51.2","Index","Vacation house"
"1998K4"," Sydjylland","46.4","Index","Vacation house"
"1998K4"," Østjylland","41.5","Index","Vacation house"
"1998K4"," Vestjylland","51.2","Index","Vacation house"
"1998K4"," Nordjylland","45.0","Index","Vacation house"
"1999K1","Hele landet","39.9","Index","Vacation house"
"1999K1"," Byen København","0.0","Index","Vacation house"
"1999K1"," Københavns omegn","0.0","Index","Vacation house"
"1999K1"," Nordsjælland","30.4","Index","Vacation house"
"1999K1"," Bornholm","0.0","Index","Vacation house"
"1999K1"," Østsjælland","31.6","Index","Vacation house"
"1999K1"," Vest- og Sydsjælland","31.7","Index","Vacation house"
"1999K1"," Fyn","51.8","Index","Vacation house"
"1999K1"," Sydjylland","49.5","Index","Vacation house"
"1999K1"," Østjylland","40.4","Index","Vacation house"
"1999K1"," Vestjylland","53.0","Index","Vacation house"
"1999K1"," Nordjylland","44.7","Index","Vacation house"
"1999K2","Hele landet","41.6","Index","Vacation house"
"1999K2"," Byen København","0.0","Index","Vacation house"
"1999K2"," Københavns omegn","0.0","Index","Vacation house"
"1999K2"," Nordsjælland","31.9","Index","Vacation house"
"1999K2"," Bornholm","0.0","Index","Vacation house"
"1999K2"," Østsjælland","31.8","Index","Vacation house"
"1999K2"," Vest- og Sydsjælland","32.9","Index","Vacation house"
"1999K2"," Fyn","54.3","Index","Vacation house"
"1999K2"," Sydjylland","48.5","Index","Vacation house"
"1999K2"," Østjylland","43.5","Index","Vacation house"
"1999K2"," Vestjylland","55.9","Index","Vacation house"
"1999K2"," Nordjylland","46.1","Index","Vacation house"
"1999K3","Hele landet","43.1","Index","Vacation house"
"1999K3"," Byen København","0.0","Index","Vacation house"
"1999K3"," Københavns omegn","0.0","Index","Vacation house"
"1999K3"," Nordsjælland","32.0","Index","Vacation house"
"1999K3"," Bornholm","0.0","Index","Vacation house"
"1999K3"," Østsjælland","35.9","Index","Vacation house"
"1999K3"," Vest- og Sydsjælland","33.8","Index","Vacation house"
"1999K3"," Fyn","56.5","Index","Vacation house"
"1999K3"," Sydjylland","49.2","Index","Vacation house"
"1999K3"," Østjylland","44.2","Index","Vacation house"
"1999K3"," Vestjylland","57.3","Index","Vacation house"
"1999K3"," Nordjylland","49.0","Index","Vacation house"
"1999K4","Hele landet","41.6","Index","Vacation house"
"1999K4"," Byen København","0.0","Index","Vacation house"
"1999K4"," Københavns omegn","0.0","Index","Vacation house"
"1999K4"," Nordsjælland","30.5","Index","Vacation house"
"1999K4"," Bornholm","0.0","Index","Vacation house"
"1999K4"," Østsjælland","35.2","Index","Vacation house"
"1999K4"," Vest- og Sydsjælland","33.1","Index","Vacation house"
"1999K4"," Fyn","52.1","Index","Vacation house"
"1999K4"," Sydjylland","49.8","Index","Vacation house"
"1999K4"," Østjylland","44.1","Index","Vacation house"
"1999K4"," Vestjylland","54.0","Index","Vacation house"
"1999K4"," Nordjylland","47.3","Index","Vacation house"
"2000K1","Hele landet","42.6","Index","Vacation house"
"2000K1"," Byen København","0.0","Index","Vacation house"
"2000K1"," Københavns omegn","0.0","Index","Vacation house"
"2000K1"," Nordsjælland","34.6","Index","Vacation house"
"2000K1"," Bornholm","0.0","Index","Vacation house"
"2000K1"," Østsjælland","35.3","Index","Vacation house"
"2000K1"," Vest- og Sydsjælland","34.4","Index","Vacation house"
"2000K1"," Fyn","55.5","Index","Vacation house"
"2000K1"," Sydjylland","50.3","Index","Vacation house"
"2000K1"," Østjylland","45.3","Index","Vacation house"
"2000K1"," Vestjylland","54.0","Index","Vacation house"
"2000K1"," Nordjylland","48.9","Index","Vacation house"
"2000K2","Hele landet","44.8","Index","Vacation house"
"2000K2"," Byen København","0.0","Index","Vacation house"
"2000K2"," Københavns omegn","0.0","Index","Vacation house"
"2000K2"," Nordsjælland","35.9","Index","Vacation house"
"2000K2"," Bornholm","0.0","Index","Vacation house"
"2000K2"," Østsjælland","35.1","Index","Vacation house"
"2000K2"," Vest- og Sydsjælland","37.7","Index","Vacation house"
"2000K2"," Fyn","59.9","Index","Vacation house"
"2000K2"," Sydjylland","52.2","Index","Vacation house"
"2000K2"," Østjylland","46.1","Index","Vacation house"
"2000K2"," Vestjylland","56.6","Index","Vacation house"
"2000K2"," Nordjylland","51.0","Index","Vacation house"
"2000K3","Hele landet","47.0","Index","Vacation house"
"2000K3"," Byen København","0.0","Index","Vacation house"
"2000K3"," Københavns omegn","0.0","Index","Vacation house"
"2000K3"," Nordsjælland","38.4","Index","Vacation house"
"2000K3"," Bornholm","0.0","Index","Vacation house"
"2000K3"," Østsjælland","39.2","Index","Vacation house"
"2000K3"," Vest- og Sydsjælland","40.2","Index","Vacation house"
"2000K3"," Fyn","58.2","Index","Vacation house"
"2000K3"," Sydjylland","52.4","Index","Vacation house"
"2000K3"," Østjylland","49.6","Index","Vacation house"
"2000K3"," Vestjylland","58.1","Index","Vacation house"
"2000K3"," Nordjylland","52.3","Index","Vacation house"
"2000K4","Hele landet","45.9","Index","Vacation house"
"2000K4"," Byen København","0.0","Index","Vacation house"
"2000K4"," Københavns omegn","0.0","Index","Vacation house"
"2000K4"," Nordsjælland","37.2","Index","Vacation house"
"2000K4"," Bornholm","0.0","Index","Vacation house"
"2000K4"," Østsjælland","37.8","Index","Vacation house"
"2000K4"," Vest- og Sydsjælland","39.0","Index","Vacation house"
"2000K4"," Fyn","57.7","Index","Vacation house"
"2000K4"," Sydjylland","53.9","Index","Vacation house"
"2000K4"," Østjylland","48.6","Index","Vacation house"
"2000K4"," Vestjylland","58.0","Index","Vacation house"
"2000K4"," Nordjylland","49.7","Index","Vacation house"
"2001K1","Hele landet","47.3","Index","Vacation house"
"2001K1"," Byen København","0.0","Index","Vacation house"
"2001K1"," Københavns omegn","0.0","Index","Vacation house"
"2001K1"," Nordsjælland","38.3","Index","Vacation house"
"2001K1"," Bornholm","0.0","Index","Vacation house"
"2001K1"," Østsjælland","46.1","Index","Vacation house"
"2001K1"," Vest- og Sydsjælland","40.0","Index","Vacation house"
"2001K1"," Fyn","57.5","Index","Vacation house"
"2001K1"," Sydjylland","53.9","Index","Vacation house"
"2001K1"," Østjylland","49.9","Index","Vacation house"
"2001K1"," Vestjylland","58.7","Index","Vacation house"
"2001K1"," Nordjylland","53.3","Index","Vacation house"
"2001K2","Hele landet","48.6","Index","Vacation house"
"2001K2"," Byen København","0.0","Index","Vacation house"
"2001K2"," Københavns omegn","0.0","Index","Vacation house"
"2001K2"," Nordsjælland","41.3","Index","Vacation house"
"2001K2"," Bornholm","0.0","Index","Vacation house"
"2001K2"," Østsjælland","42.9","Index","Vacation house"
"2001K2"," Vest- og Sydsjælland","42.0","Index","Vacation house"
"2001K2"," Fyn","57.0","Index","Vacation house"
"2001K2"," Sydjylland","55.9","Index","Vacation house"
"2001K2"," Østjylland","49.1","Index","Vacation house"
"2001K2"," Vestjylland","57.6","Index","Vacation house"
"2001K2"," Nordjylland","53.7","Index","Vacation house"
"2001K3","Hele landet","50.2","Index","Vacation house"
"2001K3"," Byen København","0.0","Index","Vacation house"
"2001K3"," Københavns omegn","0.0","Index","Vacation house"
"2001K3"," Nordsjælland","42.3","Index","Vacation house"
"2001K3"," Bornholm","0.0","Index","Vacation house"
"2001K3"," Østsjælland","47.3","Index","Vacation house"
"2001K3"," Vest- og Sydsjælland","44.3","Index","Vacation house"
"2001K3"," Fyn","55.9","Index","Vacation house"
"2001K3"," Sydjylland","54.4","Index","Vacation house"
"2001K3"," Østjylland","50.1","Index","Vacation house"
"2001K3"," Vestjylland","61.1","Index","Vacation house"
"2001K3"," Nordjylland","54.2","Index","Vacation house"
"2001K4","Hele landet","49.1","Index","Vacation house"
"2001K4"," Byen København","0.0","Index","Vacation house"
"2001K4"," Københavns omegn","0.0","Index","Vacation house"
"2001K4"," Nordsjælland","41.1","Index","Vacation house"
"2001K4"," Bornholm","0.0","Index","Vacation house"
"2001K4"," Østsjælland","48.1","Index","Vacation house"
"2001K4"," Vest- og Sydsjælland","44.5","Index","Vacation house"
"2001K4"," Fyn","58.9","Index","Vacation house"
"2001K4"," Sydjylland","55.6","Index","Vacation house"
"2001K4"," Østjylland","49.9","Index","Vacation house"
"2001K4"," Vestjylland","58.8","Index","Vacation house"
"2001K4"," Nordjylland","51.6","Index","Vacation house"
"2002K1","Hele landet","50.3","Index","Vacation house"
"2002K1"," Byen København","0.0","Index","Vacation house"
"2002K1"," Københavns omegn","0.0","Index","Vacation house"
"2002K1"," Nordsjælland","41.9","Index","Vacation house"
"2002K1"," Bornholm","0.0","Index","Vacation house"
"2002K1"," Østsjælland","45.0","Index","Vacation house"
"2002K1"," Vest- og Sydsjælland","45.0","Index","Vacation house"
"2002K1"," Fyn","58.9","Index","Vacation house"
"2002K1"," Sydjylland","57.4","Index","Vacation house"
"2002K1"," Østjylland","49.1","Index","Vacation house"
"2002K1"," Vestjylland","58.7","Index","Vacation house"
"2002K1"," Nordjylland","55.9","Index","Vacation house"
"2002K2","Hele landet","52.6","Index","Vacation house"
"2002K2"," Byen København","0.0","Index","Vacation house"
"2002K2"," Københavns omegn","0.0","Index","Vacation house"
"2002K2"," Nordsjælland","43.6","Index","Vacation house"
"2002K2"," Bornholm","0.0","Index","Vacation house"
"2002K2"," Østsjælland","50.6","Index","Vacation house"
"2002K2"," Vest- og Sydsjælland","49.2","Index","Vacation house"
"2002K2"," Fyn","59.2","Index","Vacation house"
"2002K2"," Sydjylland","55.6","Index","Vacation house"
"2002K2"," Østjylland","52.9","Index","Vacation house"
"2002K2"," Vestjylland","62.5","Index","Vacation house"
"2002K2"," Nordjylland","56.0","Index","Vacation house"
"2002K3","Hele landet","54.7","Index","Vacation house"
"2002K3"," Byen København","0.0","Index","Vacation house"
"2002K3"," Københavns omegn","0.0","Index","Vacation house"
"2002K3"," Nordsjælland","47.4","Index","Vacation house"
"2002K3"," Bornholm","0.0","Index","Vacation house"
"2002K3"," Østsjælland","51.1","Index","Vacation house"
"2002K3"," Vest- og Sydsjælland","50.6","Index","Vacation house"
"2002K3"," Fyn","63.7","Index","Vacation house"
"2002K3"," Sydjylland","58.2","Index","Vacation house"
"2002K3"," Østjylland","53.7","Index","Vacation house"
"2002K3"," Vestjylland","60.6","Index","Vacation house"
"2002K3"," Nordjylland","57.3","Index","Vacation house"
"2002K4","Hele landet","53.6","Index","Vacation house"
"2002K4"," Byen København","0.0","Index","Vacation house"
"2002K4"," Københavns omegn","0.0","Index","Vacation house"
"2002K4"," Nordsjælland","46.2","Index","Vacation house"
"2002K4"," Bornholm","0.0","Index","Vacation house"
"2002K4"," Østsjælland","51.4","Index","Vacation house"
"2002K4"," Vest- og Sydsjælland","51.1","Index","Vacation house"
"2002K4"," Fyn","60.0","Index","Vacation house"
"2002K4"," Sydjylland","57.6","Index","Vacation house"
"2002K4"," Østjylland","51.6","Index","Vacation house"
"2002K4"," Vestjylland","59.5","Index","Vacation house"
"2002K4"," Nordjylland","57.2","Index","Vacation house"
"2003K1","Hele landet","55.0","Index","Vacation house"
"2003K1"," Byen København","0.0","Index","Vacation house"
"2003K1"," Københavns omegn","0.0","Index","Vacation house"
"2003K1"," Nordsjælland","49.7","Index","Vacation house"
"2003K1"," Bornholm","0.0","Index","Vacation house"
"2003K1"," Østsjælland","50.1","Index","Vacation house"
"2003K1"," Vest- og Sydsjælland","52.9","Index","Vacation house"
"2003K1"," Fyn","59.8","Index","Vacation house"
"2003K1"," Sydjylland","58.0","Index","Vacation house"
"2003K1"," Østjylland","52.6","Index","Vacation house"
"2003K1"," Vestjylland","59.8","Index","Vacation house"
"2003K1"," Nordjylland","57.9","Index","Vacation house"
"2003K2","Hele landet","57.4","Index","Vacation house"
"2003K2"," Byen København","0.0","Index","Vacation house"
"2003K2"," Københavns omegn","0.0","Index","Vacation house"
"2003K2"," Nordsjælland","51.6","Index","Vacation house"
"2003K2"," Bornholm","0.0","Index","Vacation house"
"2003K2"," Østsjælland","52.2","Index","Vacation house"
"2003K2"," Vest- og Sydsjælland","56.1","Index","Vacation house"
"2003K2"," Fyn","61.6","Index","Vacation house"
"2003K2"," Sydjylland","59.9","Index","Vacation house"
"2003K2"," Østjylland","56.1","Index","Vacation house"
"2003K2"," Vestjylland","63.1","Index","Vacation house"
"2003K2"," Nordjylland","59.2","Index","Vacation house"
"2003K3","Hele landet","59.4","Index","Vacation house"
"2003K3"," Byen København","0.0","Index","Vacation house"
"2003K3"," Københavns omegn","0.0","Index","Vacation house"
"2003K3"," Nordsjælland","54.1","Index","Vacation house"
"2003K3"," Bornholm","0.0","Index","Vacation house"
"2003K3"," Østsjælland","49.8","Index","Vacation house"
"2003K3"," Vest- og Sydsjælland","58.1","Index","Vacation house"
"2003K3"," Fyn","62.4","Index","Vacation house"
"2003K3"," Sydjylland","61.1","Index","Vacation house"
"2003K3"," Østjylland","55.1","Index","Vacation house"
"2003K3"," Vestjylland","65.7","Index","Vacation house"
"2003K3"," Nordjylland","61.4","Index","Vacation house"
"2003K4","Hele landet","59.1","Index","Vacation house"
"2003K4"," Byen København","0.0","Index","Vacation house"
"2003K4"," Københavns omegn","0.0","Index","Vacation house"
"2003K4"," Nordsjælland","52.5","Index","Vacation house"
"2003K4"," Bornholm","0.0","Index","Vacation house"
"2003K4"," Østsjælland","51.1","Index","Vacation house"
"2003K4"," Vest- og Sydsjælland","58.8","Index","Vacation house"
"2003K4"," Fyn","61.4","Index","Vacation house"
"2003K4"," Sydjylland","63.2","Index","Vacation house"
"2003K4"," Østjylland","57.5","Index","Vacation house"
"2003K4"," Vestjylland","65.0","Index","Vacation house"
"2003K4"," Nordjylland","62.6","Index","Vacation house"
"2004K1","Hele landet","62.8","Index","Vacation house"
"2004K1"," Byen København","0.0","Index","Vacation house"
"2004K1"," Københavns omegn","0.0","Index","Vacation house"
"2004K1"," Nordsjælland","57.0","Index","Vacation house"
"2004K1"," Bornholm","0.0","Index","Vacation house"
"2004K1"," Østsjælland","54.1","Index","Vacation house"
"2004K1"," Vest- og Sydsjælland","63.8","Index","Vacation house"
"2004K1"," Fyn","65.8","Index","Vacation house"
"2004K1"," Sydjylland","67.9","Index","Vacation house"
"2004K1"," Østjylland","59.0","Index","Vacation house"
"2004K1"," Vestjylland","69.5","Index","Vacation house"
"2004K1"," Nordjylland","64.9","Index","Vacation house"
"2004K2","Hele landet","68.5","Index","Vacation house"
"2004K2"," Byen København","0.0","Index","Vacation house"
"2004K2"," Københavns omegn","0.0","Index","Vacation house"
"2004K2"," Nordsjælland","63.4","Index","Vacation house"
"2004K2"," Bornholm","0.0","Index","Vacation house"
"2004K2"," Østsjælland","55.3","Index","Vacation house"
"2004K2"," Vest- og Sydsjælland","69.6","Index","Vacation house"
"2004K2"," Fyn","70.2","Index","Vacation house"
"2004K2"," Sydjylland","71.6","Index","Vacation house"
"2004K2"," Østjylland","65.4","Index","Vacation house"
"2004K2"," Vestjylland","74.8","Index","Vacation house"
"2004K2"," Nordjylland","71.7","Index","Vacation house"
"2004K3","Hele landet","72.3","Index","Vacation house"
"2004K3"," Byen København","0.0","Index","Vacation house"
"2004K3"," Københavns omegn","0.0","Index","Vacation house"
"2004K3"," Nordsjælland","65.2","Index","Vacation house"
"2004K3"," Bornholm","0.0","Index","Vacation house"
"2004K3"," Østsjælland","62.2","Index","Vacation house"
"2004K3"," Vest- og Sydsjælland","73.9","Index","Vacation house"
"2004K3"," Fyn","75.6","Index","Vacation house"
"2004K3"," Sydjylland","74.3","Index","Vacation house"
"2004K3"," Østjylland","70.8","Index","Vacation house"
"2004K3"," Vestjylland","79.7","Index","Vacation house"
"2004K3"," Nordjylland","74.5","Index","Vacation house"
"2004K4","Hele landet","73.6","Index","Vacation house"
"2004K4"," Byen København","0.0","Index","Vacation house"
"2004K4"," Københavns omegn","0.0","Index","Vacation house"
"2004K4"," Nordsjælland","65.6","Index","Vacation house"
"2004K4"," Bornholm","0.0","Index","Vacation house"
"2004K4"," Østsjælland","66.0","Index","Vacation house"
"2004K4"," Vest- og Sydsjælland","74.7","Index","Vacation house"
"2004K4"," Fyn","74.4","Index","Vacation house"
"2004K4"," Sydjylland","78.9","Index","Vacation house"
"2004K4"," Østjylland","70.9","Index","Vacation house"
"2004K4"," Vestjylland","83.8","Index","Vacation house"
"2004K4"," Nordjylland","75.8","Index","Vacation house"
"2005K1","Hele landet","76.8","Index","Vacation house"
"2005K1"," Byen København","0.0","Index","Vacation house"
"2005K1"," Københavns omegn","0.0","Index","Vacation house"
"2005K1"," Nordsjælland","70.0","Index","Vacation house"
"2005K1"," Bornholm","0.0","Index","Vacation house"
"2005K1"," Østsjælland","71.9","Index","Vacation house"
"2005K1"," Vest- og Sydsjælland","79.7","Index","Vacation house"
"2005K1"," Fyn","78.5","Index","Vacation house"
"2005K1"," Sydjylland","81.0","Index","Vacation house"
"2005K1"," Østjylland","74.3","Index","Vacation house"
"2005K1"," Vestjylland","85.1","Index","Vacation house"
"2005K1"," Nordjylland","77.7","Index","Vacation house"
"2005K2","Hele landet","83.1","Index","Vacation house"
"2005K2"," Byen København","0.0","Index","Vacation house"
"2005K2"," Københavns omegn","0.0","Index","Vacation house"
"2005K2"," Nordsjælland","76.8","Index","Vacation house"
"2005K2"," Bornholm","0.0","Index","Vacation house"
"2005K2"," Østsjælland","70.3","Index","Vacation house"
"2005K2"," Vest- og Sydsjælland","86.4","Index","Vacation house"
"2005K2"," Fyn","84.6","Index","Vacation house"
"2005K2"," Sydjylland","85.2","Index","Vacation house"
"2005K2"," Østjylland","79.8","Index","Vacation house"
"2005K2"," Vestjylland","90.0","Index","Vacation house"
"2005K2"," Nordjylland","85.6","Index","Vacation house"
"2005K3","Hele landet","90.0","Index","Vacation house"
"2005K3"," Byen København","0.0","Index","Vacation house"
"2005K3"," Københavns omegn","0.0","Index","Vacation house"
"2005K3"," Nordsjælland","83.2","Index","Vacation house"
"2005K3"," Bornholm","0.0","Index","Vacation house"
"2005K3"," Østsjælland","77.4","Index","Vacation house"
"2005K3"," Vest- og Sydsjælland","91.8","Index","Vacation house"
"2005K3"," Fyn","87.4","Index","Vacation house"
"2005K3"," Sydjylland","92.0","Index","Vacation house"
"2005K3"," Østjylland","88.8","Index","Vacation house"
"2005K3"," Vestjylland","96.5","Index","Vacation house"
"2005K3"," Nordjylland","92.6","Index","Vacation house"
"2005K4","Hele landet","89.6","Index","Vacation house"
"2005K4"," Byen København","0.0","Index","Vacation house"
"2005K4"," Københavns omegn","0.0","Index","Vacation house"
"2005K4"," Nordsjælland","84.1","Index","Vacation house"
"2005K4"," Bornholm","0.0","Index","Vacation house"
"2005K4"," Østsjælland","86.5","Index","Vacation house"
"2005K4"," Vest- og Sydsjælland","92.1","Index","Vacation house"
"2005K4"," Fyn","84.8","Index","Vacation house"
"2005K4"," Sydjylland","87.5","Index","Vacation house"
"2005K4"," Østjylland","88.1","Index","Vacation house"
"2005K4"," Vestjylland","99.8","Index","Vacation house"
"2005K4"," Nordjylland","89.9","Index","Vacation house"
"2006K1","Hele landet","94.1","Index","Vacation house"
"2006K1"," Byen København","0.0","Index","Vacation house"
"2006K1"," Københavns omegn","0.0","Index","Vacation house"
"2006K1"," Nordsjælland","92.2","Index","Vacation house"
"2006K1"," Bornholm","91.0","Index","Vacation house"
"2006K1"," Østsjælland","101.8","Index","Vacation house"
"2006K1"," Vest- og Sydsjælland","94.1","Index","Vacation house"
"2006K1"," Fyn","91.0","Index","Vacation house"
"2006K1"," Sydjylland","97.2","Index","Vacation house"
"2006K1"," Østjylland","90.9","Index","Vacation house"
"2006K1"," Vestjylland","96.3","Index","Vacation house"
"2006K1"," Nordjylland","93.9","Index","Vacation house"
"2006K2","Hele landet","100.2","Index","Vacation house"
"2006K2"," Byen København","0.0","Index","Vacation house"
"2006K2"," Københavns omegn","0.0","Index","Vacation house"
"2006K2"," Nordsjælland","99.2","Index","Vacation house"
"2006K2"," Bornholm","100.4","Index","Vacation house"
"2006K2"," Østsjælland","99.3","Index","Vacation house"
"2006K2"," Vest- og Sydsjælland","102.3","Index","Vacation house"
"2006K2"," Fyn","98.4","Index","Vacation house"
"2006K2"," Sydjylland","98.5","Index","Vacation house"
"2006K2"," Østjylland","97.9","Index","Vacation house"
"2006K2"," Vestjylland","102.1","Index","Vacation house"
"2006K2"," Nordjylland","102.2","Index","Vacation house"
"2006K3","Hele landet","104.3","Index","Vacation house"
"2006K3"," Byen København","0.0","Index","Vacation house"
"2006K3"," Københavns omegn","0.0","Index","Vacation house"
"2006K3"," Nordsjælland","104.3","Index","Vacation house"
"2006K3"," Bornholm","101.1","Index","Vacation house"
"2006K3"," Østsjælland","97.7","Index","Vacation house"
"2006K3"," Vest- og Sydsjælland","104.1","Index","Vacation house"
"2006K3"," Fyn","104.2","Index","Vacation house"
"2006K3"," Sydjylland","103.8","Index","Vacation house"
"2006K3"," Østjylland","107.9","Index","Vacation house"
"2006K3"," Vestjylland","104.0","Index","Vacation house"
"2006K3"," Nordjylland","103.0","Index","Vacation house"
"2006K4","Hele landet","101.5","Index","Vacation house"
"2006K4"," Byen København","0.0","Index","Vacation house"
"2006K4"," Københavns omegn","0.0","Index","Vacation house"
"2006K4"," Nordsjælland","104.3","Index","Vacation house"
"2006K4"," Bornholm","107.5","Index","Vacation house"
"2006K4"," Østsjælland","101.2","Index","Vacation house"
"2006K4"," Vest- og Sydsjælland","99.5","Index","Vacation house"
"2006K4"," Fyn","106.4","Index","Vacation house"
"2006K4"," Sydjylland","100.6","Index","Vacation house"
"2006K4"," Østjylland","103.3","Index","Vacation house"
"2006K4"," Vestjylland","97.6","Index","Vacation house"
"2006K4"," Nordjylland","100.8","Index","Vacation house"
"2007K1","Hele landet","100.5","Index","Vacation house"
"2007K1"," Byen København","0.0","Index","Vacation house"
"2007K1"," Københavns omegn","0.0","Index","Vacation house"
"2007K1"," Nordsjælland","98.3","Index","Vacation house"
"2007K1"," Bornholm","103.0","Index","Vacation house"
"2007K1"," Østsjælland","100.9","Index","Vacation house"
"2007K1"," Vest- og Sydsjælland","101.3","Index","Vacation house"
"2007K1"," Fyn","110.3","Index","Vacation house"
"2007K1"," Sydjylland","99.7","Index","Vacation house"
"2007K1"," Østjylland","97.2","Index","Vacation house"
"2007K1"," Vestjylland","101.3","Index","Vacation house"
"2007K1"," Nordjylland","100.8","Index","Vacation house"
"2007K2","Hele landet","105.8","Index","Vacation house"
"2007K2"," Byen København","0.0","Index","Vacation house"
"2007K2"," Københavns omegn","0.0","Index","Vacation house"
"2007K2"," Nordsjælland","102.7","Index","Vacation house"
"2007K2"," Bornholm","124.3","Index","Vacation house"
"2007K2"," Østsjælland","106.2","Index","Vacation house"
"2007K2"," Vest- og Sydsjælland","104.2","Index","Vacation house"
"2007K2"," Fyn","109.4","Index","Vacation house"
"2007K2"," Sydjylland","105.6","Index","Vacation house"
"2007K2"," Østjylland","111.7","Index","Vacation house"
"2007K2"," Vestjylland","107.7","Index","Vacation house"
"2007K2"," Nordjylland","104.9","Index","Vacation house"
"2007K3","Hele landet","105.3","Index","Vacation house"
"2007K3"," Byen København","0.0","Index","Vacation house"
"2007K3"," Københavns omegn","0.0","Index","Vacation house"
"2007K3"," Nordsjælland","96.6","Index","Vacation house"
"2007K3"," Bornholm","109.4","Index","Vacation house"
"2007K3"," Østsjælland","107.5","Index","Vacation house"
"2007K3"," Vest- og Sydsjælland","105.1","Index","Vacation house"
"2007K3"," Fyn","120.1","Index","Vacation house"
"2007K3"," Sydjylland","106.5","Index","Vacation house"
"2007K3"," Østjylland","115.4","Index","Vacation house"
"2007K3"," Vestjylland","107.8","Index","Vacation house"
"2007K3"," Nordjylland","106.6","Index","Vacation house"
"2007K4","Hele landet","104.1","Index","Vacation house"
"2007K4"," Byen København","0.0","Index","Vacation house"
"2007K4"," Københavns omegn","0.0","Index","Vacation house"
"2007K4"," Nordsjælland","99.0","Index","Vacation house"
"2007K4"," Bornholm","103.5","Index","Vacation house"
"2007K4"," Østsjælland","100.3","Index","Vacation house"
"2007K4"," Vest- og Sydsjælland","101.8","Index","Vacation house"
"2007K4"," Fyn","110.9","Index","Vacation house"
"2007K4"," Sydjylland","106.2","Index","Vacation house"
"2007K4"," Østjylland","110.7","Index","Vacation house"
"2007K4"," Vestjylland","103.2","Index","Vacation house"
"2007K4"," Nordjylland","107.1","Index","Vacation house"
"2008K1","Hele landet","100.7","Index","Vacation house"
"2008K1"," Byen København","0.0","Index","Vacation house"
"2008K1"," Københavns omegn","0.0","Index","Vacation house"
"2008K1"," Nordsjælland","92.0","Index","Vacation house"
"2008K1"," Bornholm","142.3","Index","Vacation house"
"2008K1"," Østsjælland","97.3","Index","Vacation house"
"2008K1"," Vest- og Sydsjælland","95.4","Index","Vacation house"
"2008K1"," Fyn","98.8","Index","Vacation house"
"2008K1"," Sydjylland","109.6","Index","Vacation house"
"2008K1"," Østjylland","108.9","Index","Vacation house"
"2008K1"," Vestjylland","102.2","Index","Vacation house"
"2008K1"," Nordjylland","104.6","Index","Vacation house"
"2008K2","Hele landet","101.9","Index","Vacation house"
"2008K2"," Byen København","0.0","Index","Vacation house"
"2008K2"," Københavns omegn","0.0","Index","Vacation house"
"2008K2"," Nordsjælland","94.1","Index","Vacation house"
"2008K2"," Bornholm","158.0","Index","Vacation house"
"2008K2"," Østsjælland","90.0","Index","Vacation house"
"2008K2"," Vest- og Sydsjælland","102.1","Index","Vacation house"
"2008K2"," Fyn","106.5","Index","Vacation house"
"2008K2"," Sydjylland","105.7","Index","Vacation house"
"2008K2"," Østjylland","109.2","Index","Vacation house"
"2008K2"," Vestjylland","104.6","Index","Vacation house"
"2008K2"," Nordjylland","104.1","Index","Vacation house"
"2008K3","Hele landet","102.5","Index","Vacation house"
"2008K3"," Byen København","0.0","Index","Vacation house"
"2008K3"," Københavns omegn","0.0","Index","Vacation house"
"2008K3"," Nordsjælland","89.7","Index","Vacation house"
"2008K3"," Bornholm","171.4","Index","Vacation house"
"2008K3"," Østsjælland","82.9","Index","Vacation house"
"2008K3"," Vest- og Sydsjælland","98.8","Index","Vacation house"
"2008K3"," Fyn","115.6","Index","Vacation house"
"2008K3"," Sydjylland","109.2","Index","Vacation house"
"2008K3"," Østjylland","111.0","Index","Vacation house"
"2008K3"," Vestjylland","108.5","Index","Vacation house"
"2008K3"," Nordjylland","109.7","Index","Vacation house"
"2008K4","Hele landet","90.4","Index","Vacation house"
"2008K4"," Byen København","0.0","Index","Vacation house"
"2008K4"," Københavns omegn","0.0","Index","Vacation house"
"2008K4"," Nordsjælland","77.1","Index","Vacation house"
"2008K4"," Bornholm","123.0","Index","Vacation house"
"2008K4"," Østsjælland","77.7","Index","Vacation house"
"2008K4"," Vest- og Sydsjælland","86.6","Index","Vacation house"
"2008K4"," Fyn","106.4","Index","Vacation house"
"2008K4"," Sydjylland","98.1","Index","Vacation house"
"2008K4"," Østjylland","96.2","Index","Vacation house"
"2008K4"," Vestjylland","97.3","Index","Vacation house"
"2008K4"," Nordjylland","104.0","Index","Vacation house"
"2009K1","Hele landet","84.0","Index","Vacation house"
"2009K1"," Byen København","0.0","Index","Vacation house"
"2009K1"," Københavns omegn","0.0","Index","Vacation house"
"2009K1"," Nordsjælland","68.6","Index","Vacation house"
"2009K1"," Bornholm","102.8","Index","Vacation house"
"2009K1"," Østsjælland","65.2","Index","Vacation house"
"2009K1"," Vest- og Sydsjælland","82.6","Index","Vacation house"
"2009K1"," Fyn","96.6","Index","Vacation house"
"2009K1"," Sydjylland","96.3","Index","Vacation house"
"2009K1"," Østjylland","92.6","Index","Vacation house"
"2009K1"," Vestjylland","101.4","Index","Vacation house"
"2009K1"," Nordjylland","87.1","Index","Vacation house"
"2009K2","Hele landet","88.2","Index","Vacation house"
"2009K2"," Byen København","0.0","Index","Vacation house"
"2009K2"," Københavns omegn","0.0","Index","Vacation house"
"2009K2"," Nordsjælland","77.3","Index","Vacation house"
"2009K2"," Bornholm","133.1","Index","Vacation house"
"2009K2"," Østsjælland","70.5","Index","Vacation house"
"2009K2"," Vest- og Sydsjælland","83.4","Index","Vacation house"
"2009K2"," Fyn","106.0","Index","Vacation house"
"2009K2"," Sydjylland","98.7","Index","Vacation house"
"2009K2"," Østjylland","93.8","Index","Vacation house"
"2009K2"," Vestjylland","103.2","Index","Vacation house"
"2009K2"," Nordjylland","90.0","Index","Vacation house"
"2009K3","Hele landet","89.2","Index","Vacation house"
"2009K3"," Byen København","0.0","Index","Vacation house"
"2009K3"," Københavns omegn","0.0","Index","Vacation house"
"2009K3"," Nordsjælland","77.7","Index","Vacation house"
"2009K3"," Bornholm","132.1","Index","Vacation house"
"2009K3"," Østsjælland","71.7","Index","Vacation house"
"2009K3"," Vest- og Sydsjælland","84.5","Index","Vacation house"
"2009K3"," Fyn","113.6","Index","Vacation house"
"2009K3"," Sydjylland","99.1","Index","Vacation house"
"2009K3"," Østjylland","93.0","Index","Vacation house"
"2009K3"," Vestjylland","99.7","Index","Vacation house"
"2009K3"," Nordjylland","94.5","Index","Vacation house"
"2009K4","Hele landet","87.8","Index","Vacation house"
"2009K4"," Byen København","0.0","Index","Vacation house"
"2009K4"," Københavns omegn","0.0","Index","Vacation house"
"2009K4"," Nordsjælland","76.4","Index","Vacation house"
"2009K4"," Bornholm","128.8","Index","Vacation house"
"2009K4"," Østsjælland","71.3","Index","Vacation house"
"2009K4"," Vest- og Sydsjælland","82.0","Index","Vacation house"
"2009K4"," Fyn","106.0","Index","Vacation house"
"2009K4"," Sydjylland","103.1","Index","Vacation house"
"2009K4"," Østjylland","90.9","Index","Vacation house"
"2009K4"," Vestjylland","97.5","Index","Vacation house"
"2009K4"," Nordjylland","93.3","Index","Vacation house"
"2010K1","Hele landet","86.1","Index","Vacation house"
"2010K1"," Byen København","0.0","Index","Vacation house"
"2010K1"," Københavns omegn","0.0","Index","Vacation house"
"2010K1"," Nordsjælland","76.3","Index","Vacation house"
"2010K1"," Bornholm","124.3","Index","Vacation house"
"2010K1"," Østsjælland","60.5","Index","Vacation house"
"2010K1"," Vest- og Sydsjælland","82.3","Index","Vacation house"
"2010K1"," Fyn","104.2","Index","Vacation house"
"2010K1"," Sydjylland","98.7","Index","Vacation house"
"2010K1"," Østjylland","91.6","Index","Vacation house"
"2010K1"," Vestjylland","96.6","Index","Vacation house"
"2010K1"," Nordjylland","87.2","Index","Vacation house"
"2010K2","Hele landet","89.6","Index","Vacation house"
"2010K2"," Byen København","0.0","Index","Vacation house"
"2010K2"," Københavns omegn","0.0","Index","Vacation house"
"2010K2"," Nordsjælland","77.6","Index","Vacation house"
"2010K2"," Bornholm","133.0","Index","Vacation house"
"2010K2"," Østsjælland","64.3","Index","Vacation house"
"2010K2"," Vest- og Sydsjælland","87.0","Index","Vacation house"
"2010K2"," Fyn","107.4","Index","Vacation house"
"2010K2"," Sydjylland","105.7","Index","Vacation house"
"2010K2"," Østjylland","93.2","Index","Vacation house"
"2010K2"," Vestjylland","101.6","Index","Vacation house"
"2010K2"," Nordjylland","91.4","Index","Vacation house"
"2010K3","Hele landet","88.6","Index","Vacation house"
"2010K3"," Byen København","0.0","Index","Vacation house"
"2010K3"," Københavns omegn","0.0","Index","Vacation house"
"2010K3"," Nordsjælland","73.9","Index","Vacation house"
"2010K3"," Bornholm","119.6","Index","Vacation house"
"2010K3"," Østsjælland","64.8","Index","Vacation house"
"2010K3"," Vest- og Sydsjælland","85.0","Index","Vacation house"
"2010K3"," Fyn","109.3","Index","Vacation house"
"2010K3"," Sydjylland","104.8","Index","Vacation house"
"2010K3"," Østjylland","92.9","Index","Vacation house"
"2010K3"," Vestjylland","104.0","Index","Vacation house"
"2010K3"," Nordjylland","93.5","Index","Vacation house"
"2010K4","Hele landet","86.6","Index","Vacation house"
"2010K4"," Byen København","0.0","Index","Vacation house"
"2010K4"," Københavns omegn","0.0","Index","Vacation house"
"2010K4"," Nordsjælland","76.1","Index","Vacation house"
"2010K4"," Bornholm","122.2","Index","Vacation house"
"2010K4"," Østsjælland","57.2","Index","Vacation house"
"2010K4"," Vest- og Sydsjælland","80.6","Index","Vacation house"
"2010K4"," Fyn","106.3","Index","Vacation house"
"2010K4"," Sydjylland","98.2","Index","Vacation house"
"2010K4"," Østjylland","92.3","Index","Vacation house"
"2010K4"," Vestjylland","102.1","Index","Vacation house"
"2010K4"," Nordjylland","90.6","Index","Vacation house"
"2011K1","Hele landet","86.3","Index","Vacation house"
"2011K1"," Byen København","0.0","Index","Vacation house"
"2011K1"," Københavns omegn","0.0","Index","Vacation house"
"2011K1"," Nordsjælland","80.2","Index","Vacation house"
"2011K1"," Bornholm","125.1","Index","Vacation house"
"2011K1"," Østsjælland","65.3","Index","Vacation house"
"2011K1"," Vest- og Sydsjælland","79.3","Index","Vacation house"
"2011K1"," Fyn","104.2","Index","Vacation house"
"2011K1"," Sydjylland","97.2","Index","Vacation house"
"2011K1"," Østjylland","91.4","Index","Vacation house"
"2011K1"," Vestjylland","97.5","Index","Vacation house"
"2011K1"," Nordjylland","87.2","Index","Vacation house"
"2011K2","Hele landet","84.0","Index","Vacation house"
"2011K2"," Byen København","0.0","Index","Vacation house"
"2011K2"," Københavns omegn","0.0","Index","Vacation house"
"2011K2"," Nordsjælland","73.9","Index","Vacation house"
"2011K2"," Bornholm","117.4","Index","Vacation house"
"2011K2"," Østsjælland","69.7","Index","Vacation house"
"2011K2"," Vest- og Sydsjælland","79.2","Index","Vacation house"
"2011K2"," Fyn","100.8","Index","Vacation house"
"2011K2"," Sydjylland","95.5","Index","Vacation house"
"2011K2"," Østjylland","89.6","Index","Vacation house"
"2011K2"," Vestjylland","96.3","Index","Vacation house"
"2011K2"," Nordjylland","86.2","Index","Vacation house"
"2011K3","Hele landet","83.6","Index","Vacation house"
"2011K3"," Byen København","0.0","Index","Vacation house"
"2011K3"," Københavns omegn","0.0","Index","Vacation house"
"2011K3"," Nordsjælland","70.3","Index","Vacation house"
"2011K3"," Bornholm","102.5","Index","Vacation house"
"2011K3"," Østsjælland","54.2","Index","Vacation house"
"2011K3"," Vest- og Sydsjælland","79.2","Index","Vacation house"
"2011K3"," Fyn","105.9","Index","Vacation house"
"2011K3"," Sydjylland","105.4","Index","Vacation house"
"2011K3"," Østjylland","85.6","Index","Vacation house"
"2011K3"," Vestjylland","98.5","Index","Vacation house"
"2011K3"," Nordjylland","85.6","Index","Vacation house"
"2011K4","Hele landet","80.1","Index","Vacation house"
"2011K4"," Byen København","0.0","Index","Vacation house"
"2011K4"," Københavns omegn","0.0","Index","Vacation house"
"2011K4"," Nordsjælland","68.7","Index","Vacation house"
"2011K4"," Bornholm","101.5","Index","Vacation house"
"2011K4"," Østsjælland","73.1","Index","Vacation house"
"2011K4"," Vest- og Sydsjælland","74.4","Index","Vacation house"
"2011K4"," Fyn","91.3","Index","Vacation house"
"2011K4"," Sydjylland","97.4","Index","Vacation house"
"2011K4"," Østjylland","78.2","Index","Vacation house"
"2011K4"," Vestjylland","95.3","Index","Vacation house"
"2011K4"," Nordjylland","87.9","Index","Vacation house"
"2012K1","Hele landet","80.0","Index","Vacation house"
"2012K1"," Byen København","0.0","Index","Vacation house"
"2012K1"," Københavns omegn","0.0","Index","Vacation house"
"2012K1"," Nordsjælland","67.4","Index","Vacation house"
"2012K1"," Bornholm","129.4","Index","Vacation house"
"2012K1"," Østsjælland","59.8","Index","Vacation house"
"2012K1"," Vest- og Sydsjælland","70.4","Index","Vacation house"
"2012K1"," Fyn","102.8","Index","Vacation house"
"2012K1"," Sydjylland","96.2","Index","Vacation house"
"2012K1"," Østjylland","88.0","Index","Vacation house"
"2012K1"," Vestjylland","91.4","Index","Vacation house"
"2012K1"," Nordjylland","87.0","Index","Vacation house"
"2012K2","Hele landet","81.0","Index","Vacation house"
"2012K2"," Byen København","0.0","Index","Vacation house"
"2012K2"," Københavns omegn","0.0","Index","Vacation house"
"2012K2"," Nordsjælland","71.2","Index","Vacation house"
"2012K2"," Bornholm","110.0","Index","Vacation house"
"2012K2"," Østsjælland","60.9","Index","Vacation house"
"2012K2"," Vest- og Sydsjælland","73.5","Index","Vacation house"
"2012K2"," Fyn","98.8","Index","Vacation house"
"2012K2"," Sydjylland","98.7","Index","Vacation house"
"2012K2"," Østjylland","83.9","Index","Vacation house"
"2012K2"," Vestjylland","94.5","Index","Vacation house"
"2012K2"," Nordjylland","83.9","Index","Vacation house"
"2012K3","Hele landet","80.5","Index","Vacation house"
"2012K3"," Byen København","0.0","Index","Vacation house"
"2012K3"," Københavns omegn","0.0","Index","Vacation house"
"2012K3"," Nordsjælland","70.5","Index","Vacation house"
"2012K3"," Bornholm","99.8","Index","Vacation house"
"2012K3"," Østsjælland","53.9","Index","Vacation house"
"2012K3"," Vest- og Sydsjælland","72.6","Index","Vacation house"
"2012K3"," Fyn","95.8","Index","Vacation house"
"2012K3"," Sydjylland","96.9","Index","Vacation house"
"2012K3"," Østjylland","87.1","Index","Vacation house"
"2012K3"," Vestjylland","93.7","Index","Vacation house"
"2012K3"," Nordjylland","85.0","Index","Vacation house"
"2012K4","Hele landet","78.6","Index","Vacation house"
"2012K4"," Byen København","0.0","Index","Vacation house"
"2012K4"," Københavns omegn","0.0","Index","Vacation house"
"2012K4"," Nordsjælland","70.4","Index","Vacation house"
"2012K4"," Bornholm","84.3","Index","Vacation house"
"2012K4"," Østsjælland","55.4","Index","Vacation house"
"2012K4"," Vest- og Sydsjælland","71.9","Index","Vacation house"
"2012K4"," Fyn","95.8","Index","Vacation house"
"2012K4"," Sydjylland","89.6","Index","Vacation house"
"2012K4"," Østjylland","84.8","Index","Vacation house"
"2012K4"," Vestjylland","86.9","Index","Vacation house"
"2012K4"," Nordjylland","84.0","Index","Vacation house"
"2013K1","Hele landet","76.5","Index","Vacation house"
"2013K1"," Byen København","0.0","Index","Vacation house"
"2013K1"," Københavns omegn","0.0","Index","Vacation house"
"2013K1"," Nordsjælland","67.7","Index","Vacation house"
"2013K1"," Bornholm","76.1","Index","Vacation house"
"2013K1"," Østsjælland","50.0","Index","Vacation house"
"2013K1"," Vest- og Sydsjælland","67.7","Index","Vacation house"
"2013K1"," Fyn","98.6","Index","Vacation house"
"2013K1"," Sydjylland","86.6","Index","Vacation house"
"2013K1"," Østjylland","79.2","Index","Vacation house"
"2013K1"," Vestjylland","91.0","Index","Vacation house"
"2013K1"," Nordjylland","83.7","Index","Vacation house"
"2013K2","Hele landet","80.7","Index","Vacation house"
"2013K2"," Byen København","0.0","Index","Vacation house"
"2013K2"," Københavns omegn","0.0","Index","Vacation house"
"2013K2"," Nordsjælland","70.2","Index","Vacation house"
"2013K2"," Bornholm","107.1","Index","Vacation house"
"2013K2"," Østsjælland","53.5","Index","Vacation house"
"2013K2"," Vest- og Sydsjælland","71.3","Index","Vacation house"
"2013K2"," Fyn","97.5","Index","Vacation house"
"2013K2"," Sydjylland","92.3","Index","Vacation house"
"2013K2"," Østjylland","84.6","Index","Vacation house"
"2013K2"," Vestjylland","104.0","Index","Vacation house"
"2013K2"," Nordjylland","86.6","Index","Vacation house"
"2013K3","Hele landet","80.1","Index","Vacation house"
"2013K3"," Byen København","0.0","Index","Vacation house"
"2013K3"," Københavns omegn","0.0","Index","Vacation house"
"2013K3"," Nordsjælland","69.6","Index","Vacation house"
"2013K3"," Bornholm","97.9","Index","Vacation house"
"2013K3"," Østsjælland","53.3","Index","Vacation house"
"2013K3"," Vest- og Sydsjælland","73.5","Index","Vacation house"
"2013K3"," Fyn","95.2","Index","Vacation house"
"2013K3"," Sydjylland","91.7","Index","Vacation house"
"2013K3"," Østjylland","85.3","Index","Vacation house"
"2013K3"," Vestjylland","93.7","Index","Vacation house"
"2013K3"," Nordjylland","87.3","Index","Vacation house"
"2013K4","Hele landet","78.3","Index","Vacation house"
"2013K4"," Byen København","0.0","Index","Vacation house"
"2013K4"," Københavns omegn","0.0","Index","Vacation house"
"2013K4"," Nordsjælland","68.4","Index","Vacation house"
"2013K4"," Bornholm","105.4","Index","Vacation house"
"2013K4"," Østsjælland","53.0","Index","Vacation house"
"2013K4"," Vest- og Sydsjælland","73.0","Index","Vacation house"
"2013K4"," Fyn","85.6","Index","Vacation house"
"2013K4"," Sydjylland","86.6","Index","Vacation house"
"2013K4"," Østjylland","85.6","Index","Vacation house"
"2013K4"," Vestjylland","92.0","Index","Vacation house"
"2013K4"," Nordjylland","82.9","Index","Vacation house"
"2014K1","Hele landet","76.9","Index","Vacation house"
"2014K1"," Byen København","0.0","Index","Vacation house"
"2014K1"," Københavns omegn","0.0","Index","Vacation house"
"2014K1"," Nordsjælland","70.4","Index","Vacation house"
"2014K1"," Bornholm","82.0","Index","Vacation house"
"2014K1"," Østsjælland","53.6","Index","Vacation house"
"2014K1"," Vest- og Sydsjælland","71.4","Index","Vacation house"
"2014K1"," Fyn","92.3","Index","Vacation house"
"2014K1"," Sydjylland","85.3","Index","Vacation house"
"2014K1"," Østjylland","84.3","Index","Vacation house"
"2014K1"," Vestjylland","89.3","Index","Vacation house"
"2014K1"," Nordjylland","76.8","Index","Vacation house"
"2014K2","Hele landet","80.5","Index","Vacation house"
"2014K2"," Byen København","0.0","Index","Vacation house"
"2014K2"," Københavns omegn","0.0","Index","Vacation house"
"2014K2"," Nordsjælland","70.1","Index","Vacation house"
"2014K2"," Bornholm","112.2","Index","Vacation house"
"2014K2"," Østsjælland","55.3","Index","Vacation house"
"2014K2"," Vest- og Sydsjælland","73.7","Index","Vacation house"
"2014K2"," Fyn","96.3","Index","Vacation house"
"2014K2"," Sydjylland","93.6","Index","Vacation house"
"2014K2"," Østjylland","89.2","Index","Vacation house"
"2014K2"," Vestjylland","93.2","Index","Vacation house"
"2014K2"," Nordjylland","84.3","Index","Vacation house"
"2014K3","Hele landet","79.3","Index","Vacation house"
"2014K3"," Byen København","0.0","Index","Vacation house"
"2014K3"," Københavns omegn","0.0","Index","Vacation house"
"2014K3"," Nordsjælland","72.3","Index","Vacation house"
"2014K3"," Bornholm","100.5","Index","Vacation house"
"2014K3"," Østsjælland","64.0","Index","Vacation house"
"2014K3"," Vest- og Sydsjælland","73.0","Index","Vacation house"
"2014K3"," Fyn","90.0","Index","Vacation house"
"2014K3"," Sydjylland","88.7","Index","Vacation house"
"2014K3"," Østjylland","84.5","Index","Vacation house"
"2014K3"," Vestjylland","91.3","Index","Vacation house"
"2014K3"," Nordjylland","81.5","Index","Vacation house"
"2014K4","Hele landet","79.9","Index","Vacation house"
"2014K4"," Byen København","0.0","Index","Vacation house"
"2014K4"," Københavns omegn","0.0","Index","Vacation house"
"2014K4"," Nordsjælland","71.7","Index","Vacation house"
"2014K4"," Bornholm","98.2","Index","Vacation house"
"2014K4"," Østsjælland","64.9","Index","Vacation house"
"2014K4"," Vest- og Sydsjælland","72.3","Index","Vacation house"
"2014K4"," Fyn","95.4","Index","Vacation house"
"2014K4"," Sydjylland","94.4","Index","Vacation house"
"2014K4"," Østjylland","84.9","Index","Vacation house"
"2014K4"," Vestjylland","92.4","Index","Vacation house"
"2014K4"," Nordjylland","81.7","Index","Vacation house"
"2015K1","Hele landet","78.9","Index","Vacation house"
"2015K1"," Byen København","0.0","Index","Vacation house"
"2015K1"," Københavns omegn","0.0","Index","Vacation house"
"2015K1"," Nordsjælland","73.5","Index","Vacation house"
"2015K1"," Bornholm","85.8","Index","Vacation house"
"2015K1"," Østsjælland","59.2","Index","Vacation house"
"2015K1"," Vest- og Sydsjælland","71.9","Index","Vacation house"
"2015K1"," Fyn","86.3","Index","Vacation house"
"2015K1"," Sydjylland","92.1","Index","Vacation house"
"2015K1"," Østjylland","81.2","Index","Vacation house"
"2015K1"," Vestjylland","92.3","Index","Vacation house"
"2015K1"," Nordjylland","81.4","Index","Vacation house"
"2015K2","Hele landet","81.1","Index","Vacation house"
"2015K2"," Byen København","0.0","Index","Vacation house"
"2015K2"," Københavns omegn","0.0","Index","Vacation house"
"2015K2"," Nordsjælland","76.6","Index","Vacation house"
"2015K2"," Bornholm","87.4","Index","Vacation house"
"2015K2"," Østsjælland","55.5","Index","Vacation house"
"2015K2"," Vest- og Sydsjælland","76.3","Index","Vacation house"
"2015K2"," Fyn","97.4","Index","Vacation house"
"2015K2"," Sydjylland","90.0","Index","Vacation house"
"2015K2"," Østjylland","81.7","Index","Vacation house"
"2015K2"," Vestjylland","96.1","Index","Vacation house"
"2015K2"," Nordjylland","79.2","Index","Vacation house"
"2015K3","Hele landet","81.2","Index","Vacation house"
"2015K3"," Byen København","0.0","Index","Vacation house"
"2015K3"," Københavns omegn","0.0","Index","Vacation house"
"2015K3"," Nordsjælland","77.8","Index","Vacation house"
"2015K3"," Bornholm","87.5","Index","Vacation house"
"2015K3"," Østsjælland","61.2","Index","Vacation house"
"2015K3"," Vest- og Sydsjælland","76.2","Index","Vacation house"
"2015K3"," Fyn","92.0","Index","Vacation house"
"2015K3"," Sydjylland","93.0","Index","Vacation house"
"2015K3"," Østjylland","82.2","Index","Vacation house"
"2015K3"," Vestjylland","90.7","Index","Vacation house"
"2015K3"," Nordjylland","77.4","Index","Vacation house"
"2015K4","Hele landet","78.3","Index","Vacation house"
"2015K4"," Byen København","0.0","Index","Vacation house"
"2015K4"," Københavns omegn","0.0","Index","Vacation house"
"2015K4"," Nordsjælland","70.4","Index","Vacation house"
"2015K4"," Bornholm","103.6","Index","Vacation house"
"2015K4"," Østsjælland","62.3","Index","Vacation house"
"2015K4"," Vest- og Sydsjælland","72.0","Index","Vacation house"
"2015K4"," Fyn","89.0","Index","Vacation house"
"2015K4"," Sydjylland","87.8","Index","Vacation house"
"2015K4"," Østjylland","82.9","Index","Vacation house"
"2015K4"," Vestjylland","93.5","Index","Vacation house"
"2015K4"," Nordjylland","80.1","Index","Vacation house"
"2016K1","Hele landet","79.1","Index","Vacation house"
"2016K1"," Byen København","0.0","Index","Vacation house"
"2016K1"," Københavns omegn","0.0","Index","Vacation house"
"2016K1"," Nordsjælland","73.9","Index","Vacation house"
"2016K1"," Bornholm","94.2","Index","Vacation house"
"2016K1"," Østsjælland","67.2","Index","Vacation house"
"2016K1"," Vest- og Sydsjælland","76.6","Index","Vacation house"
"2016K1"," Fyn","93.3","Index","Vacation house"
"2016K1"," Sydjylland","86.0","Index","Vacation house"
"2016K1"," Østjylland","79.6","Index","Vacation house"
"2016K1"," Vestjylland","86.8","Index","Vacation house"
"2016K1"," Nordjylland","82.3","Index","Vacation house"
"2016K2","Hele landet","81.9","Index","Vacation house"
"2016K2"," Byen København","0.0","Index","Vacation house"
"2016K2"," Københavns omegn","0.0","Index","Vacation house"
"2016K2"," Nordsjælland","79.2","Index","Vacation house"
"2016K2"," Bornholm","94.8","Index","Vacation house"
"2016K2"," Østsjælland","66.8","Index","Vacation house"
"2016K2"," Vest- og Sydsjælland","76.6","Index","Vacation house"
"2016K2"," Fyn","94.3","Index","Vacation house"
"2016K2"," Sydjylland","93.4","Index","Vacation house"
"2016K2"," Østjylland","86.5","Index","Vacation house"
"2016K2"," Vestjylland","89.4","Index","Vacation house"
"2016K2"," Nordjylland","76.6","Index","Vacation house"
"2016K3","Hele landet","83.4","Index","Vacation house"
"2016K3"," Byen København","0.0","Index","Vacation house"
"2016K3"," Københavns omegn","0.0","Index","Vacation house"
"2016K3"," Nordsjælland","80.3","Index","Vacation house"
"2016K3"," Bornholm","94.3","Index","Vacation house"
"2016K3"," Østsjælland","69.5","Index","Vacation house"
"2016K3"," Vest- og Sydsjælland","78.6","Index","Vacation house"
"2016K3"," Fyn","90.0","Index","Vacation house"
"2016K3"," Sydjylland","93.0","Index","Vacation house"
"2016K3"," Østjylland","85.0","Index","Vacation house"
"2016K3"," Vestjylland","89.0","Index","Vacation house"
"2016K3"," Nordjylland","83.7","Index","Vacation house"
"2016K4","Hele landet","82.4","Index","Vacation house"
"2016K4"," Byen København","0.0","Index","Vacation house"
"2016K4"," Københavns omegn","0.0","Index","Vacation house"
"2016K4"," Nordsjælland","81.1","Index","Vacation house"
"2016K4"," Bornholm","100.9","Index","Vacation house"
"2016K4"," Østsjælland","63.7","Index","Vacation house"
"2016K4"," Vest- og Sydsjælland","78.0","Index","Vacation house"
"2016K4"," Fyn","94.5","Index","Vacation house"
"2016K4"," Sydjylland","95.1","Index","Vacation house"
"2016K4"," Østjylland","85.2","Index","Vacation house"
"2016K4"," Vestjylland","90.3","Index","Vacation house"
"2016K4"," Nordjylland","77.7","Index","Vacation house"
"2017K1","Hele landet","83.3","Index","Vacation house"
"2017K1"," Byen København","0.0","Index","Vacation house"
"2017K1"," Københavns omegn","0.0","Index","Vacation house"
"2017K1"," Nordsjælland","84.1","Index","Vacation house"
"2017K1"," Bornholm","94.4","Index","Vacation house"
"2017K1"," Østsjælland","66.0","Index","Vacation house"
"2017K1"," Vest- og Sydsjælland","76.1","Index","Vacation house"
"2017K1"," Fyn","92.1","Index","Vacation house"
"2017K1"," Sydjylland","93.6","Index","Vacation house"
"2017K1"," Østjylland","84.1","Index","Vacation house"
"2017K1"," Vestjylland","92.9","Index","Vacation house"
"2017K1"," Nordjylland","79.8","Index","Vacation house"
"2017K2","Hele landet","86.0","Index","Vacation house"
"2017K2"," Byen København","0.0","Index","Vacation house"
"2017K2"," Københavns omegn","0.0","Index","Vacation house"
"2017K2"," Nordsjælland","85.8","Index","Vacation house"
"2017K2"," Bornholm","101.9","Index","Vacation house"
"2017K2"," Østsjælland","72.1","Index","Vacation house"
"2017K2"," Vest- og Sydsjælland","81.1","Index","Vacation house"
"2017K2"," Fyn","95.6","Index","Vacation house"
"2017K2"," Sydjylland","95.9","Index","Vacation house"
"2017K2"," Østjylland","86.8","Index","Vacation house"
"2017K2"," Vestjylland","93.3","Index","Vacation house"
"2017K2"," Nordjylland","82.3","Index","Vacation house"
"2017K3","Hele landet","86.6","Index","Vacation house"
"2017K3"," Byen København","0.0","Index","Vacation house"
"2017K3"," Københavns omegn","0.0","Index","Vacation house"
"2017K3"," Nordsjælland","86.2","Index","Vacation house"
"2017K3"," Bornholm","113.1","Index","Vacation house"
"2017K3"," Østsjælland","69.7","Index","Vacation house"
"2017K3"," Vest- og Sydsjælland","81.1","Index","Vacation house"
"2017K3"," Fyn","98.7","Index","Vacation house"
"2017K3"," Sydjylland","95.4","Index","Vacation house"
"2017K3"," Østjylland","88.4","Index","Vacation house"
"2017K3"," Vestjylland","92.0","Index","Vacation house"
"2017K3"," Nordjylland","82.4","Index","Vacation house"
"2017K4","Hele landet","83.9","Index","Vacation house"
"2017K4"," Byen København","0.0","Index","Vacation house"
"2017K4"," Københavns omegn","0.0","Index","Vacation house"
"2017K4"," Nordsjælland","82.1","Index","Vacation house"
"2017K4"," Bornholm","93.9","Index","Vacation house"
"2017K4"," Østsjælland","73.0","Index","Vacation house"
"2017K4"," Vest- og Sydsjælland","79.8","Index","Vacation house"
"2017K4"," Fyn","94.6","Index","Vacation house"
"2017K4"," Sydjylland","91.8","Index","Vacation house"
"2017K4"," Østjylland","87.5","Index","Vacation house"
"2017K4"," Vestjylland","93.5","Index","Vacation house"
"2017K4"," Nordjylland","82.1","Index","Vacation house"
"2018K1","Hele landet","85.9","Index","Vacation house"
"2018K1"," Byen København","0.0","Index","Vacation house"
"2018K1"," Københavns omegn","0.0","Index","Vacation house"
"2018K1"," Nordsjælland","83.1","Index","Vacation house"
"2018K1"," Bornholm","98.9","Index","Vacation house"
"2018K1"," Østsjælland","77.2","Index","Vacation house"
"2018K1"," Vest- og Sydsjælland","81.3","Index","Vacation house"
"2018K1"," Fyn","93.8","Index","Vacation house"
"2018K1"," Sydjylland","97.1","Index","Vacation house"
"2018K1"," Østjylland","90.3","Index","Vacation house"
"2018K1"," Vestjylland","95.4","Index","Vacation house"
"2018K1"," Nordjylland","81.6","Index","Vacation house"
"2018K2","Hele landet","90.5","Index","Vacation house"
"2018K2"," Byen København","0.0","Index","Vacation house"
"2018K2"," Københavns omegn","0.0","Index","Vacation house"
"2018K2"," Nordsjælland","91.7","Index","Vacation house"
"2018K2"," Bornholm","117.3","Index","Vacation house"
"2018K2"," Østsjælland","77.7","Index","Vacation house"
"2018K2"," Vest- og Sydsjælland","84.9","Index","Vacation house"
"2018K2"," Fyn","100.8","Index","Vacation house"
"2018K2"," Sydjylland","102.6","Index","Vacation house"
"2018K2"," Østjylland","90.8","Index","Vacation house"
"2018K2"," Vestjylland","96.5","Index","Vacation house"
"2018K2"," Nordjylland","85.3","Index","Vacation house"
"2018K3","Hele landet","90.8","Index","Vacation house"
"2018K3"," Byen København","0.0","Index","Vacation house"
"2018K3"," Københavns omegn","0.0","Index","Vacation house"
"2018K3"," Nordsjælland","91.3","Index","Vacation house"
"2018K3"," Bornholm","116.8","Index","Vacation house"
"2018K3"," Østsjælland","79.4","Index","Vacation house"
"2018K3"," Vest- og Sydsjælland","85.0","Index","Vacation house"
"2018K3"," Fyn","102.7","Index","Vacation house"
"2018K3"," Sydjylland","101.3","Index","Vacation house"
"2018K3"," Østjylland","95.0","Index","Vacation house"
"2018K3"," Vestjylland","97.0","Index","Vacation house"
"2018K3"," Nordjylland","83.3","Index","Vacation house"
"2018K4","Hele landet","87.9","Index","Vacation house"
"2018K4"," Byen København","0.0","Index","Vacation house"
"2018K4"," Københavns omegn","0.0","Index","Vacation house"
"2018K4"," Nordsjælland","87.6","Index","Vacation house"
"2018K4"," Bornholm","124.6","Index","Vacation house"
"2018K4"," Østsjælland","86.0","Index","Vacation house"
"2018K4"," Vest- og Sydsjælland","82.2","Index","Vacation house"
"2018K4"," Fyn","95.9","Index","Vacation house"
"2018K4"," Sydjylland","95.4","Index","Vacation house"
"2018K4"," Østjylland","92.6","Index","Vacation house"
"2018K4"," Vestjylland","95.1","Index","Vacation house"
"2018K4"," Nordjylland","82.7","Index","Vacation house"
"2019K1","Hele landet","88.5","Index","Vacation house"
"2019K1"," Byen København","0.0","Index","Vacation house"
"2019K1"," Københavns omegn","0.0","Index","Vacation house"
"2019K1"," Nordsjælland","89.2","Index","Vacation house"
"2019K1"," Bornholm","120.6","Index","Vacation house"
"2019K1"," Østsjælland","77.7","Index","Vacation house"
"2019K1"," Vest- og Sydsjælland","84.2","Index","Vacation house"
"2019K1"," Fyn","103.8","Index","Vacation house"
"2019K1"," Sydjylland","97.3","Index","Vacation house"
"2019K1"," Østjylland","91.4","Index","Vacation house"
"2019K1"," Vestjylland","95.9","Index","Vacation house"
"2019K1"," Nordjylland","82.9","Index","Vacation house"
"2019K2","Hele landet","93.6","Index","Vacation house"
"2019K2"," Byen København","0.0","Index","Vacation house"
"2019K2"," Københavns omegn","0.0","Index","Vacation house"
"2019K2"," Nordsjælland","99.3","Index","Vacation house"
"2019K2"," Bornholm","120.3","Index","Vacation house"
"2019K2"," Østsjælland","78.7","Index","Vacation house"
"2019K2"," Vest- og Sydsjælland","89.3","Index","Vacation house"
"2019K2"," Fyn","104.3","Index","Vacation house"
"2019K2"," Sydjylland","99.8","Index","Vacation house"
"2019K2"," Østjylland","94.6","Index","Vacation house"
"2019K2"," Vestjylland","96.5","Index","Vacation house"
"2019K2"," Nordjylland","88.4","Index","Vacation house"
"2019K3","Hele landet","92.4","Index","Vacation house"
"2019K3"," Byen København","0.0","Index","Vacation house"
"2019K3"," Københavns omegn","0.0","Index","Vacation house"
"2019K3"," Nordsjælland","93.6","Index","Vacation house"
"2019K3"," Bornholm","114.8","Index","Vacation house"
"2019K3"," Østsjælland","82.2","Index","Vacation house"
"2019K3"," Vest- og Sydsjælland","89.4","Index","Vacation house"
"2019K3"," Fyn","110.9","Index","Vacation house"
"2019K3"," Sydjylland","102.0","Index","Vacation house"
"2019K3"," Østjylland","93.8","Index","Vacation house"
"2019K3"," Vestjylland","97.4","Index","Vacation house"
"2019K3"," Nordjylland","87.0","Index","Vacation house"
"2019K4","Hele landet","90.5","Index","Vacation house"
"2019K4"," Byen København","0.0","Index","Vacation house"
"2019K4"," Københavns omegn","0.0","Index","Vacation house"
"2019K4"," Nordsjælland","89.6","Index","Vacation house"
"2019K4"," Bornholm","117.6","Index","Vacation house"
"2019K4"," Østsjælland","76.7","Index","Vacation house"
"2019K4"," Vest- og Sydsjælland","87.2","Index","Vacation house"
"2019K4"," Fyn","98.4","Index","Vacation house"
"2019K4"," Sydjylland","101.6","Index","Vacation house"
"2019K4"," Østjylland","94.4","Index","Vacation house"
"2019K4"," Vestjylland","99.3","Index","Vacation house"
"2019K4"," Nordjylland","86.4","Index","Vacation house"
"2020K1","Hele landet","92.1","Index","Vacation house"
"2020K1"," Byen København","0.0","Index","Vacation house"
"2020K1"," Københavns omegn","0.0","Index","Vacation house"
"2020K1"," Nordsjælland","90.0","Index","Vacation house"
"2020K1"," Bornholm","121.6","Index","Vacation house"
"2020K1"," Østsjælland","75.1","Index","Vacation house"
"2020K1"," Vest- og Sydsjælland","89.8","Index","Vacation house"
"2020K1"," Fyn","100.8","Index","Vacation house"
"2020K1"," Sydjylland","101.3","Index","Vacation house"
"2020K1"," Østjylland","97.2","Index","Vacation house"
"2020K1"," Vestjylland","100.4","Index","Vacation house"
"2020K1"," Nordjylland","88.9","Index","Vacation house"
"2020K2","Hele landet","97.8","Index","Vacation house"
"2020K2"," Byen København","0.0","Index","Vacation house"
"2020K2"," Københavns omegn","0.0","Index","Vacation house"
"2020K2"," Nordsjælland","103.2","Index","Vacation house"
"2020K2"," Bornholm","135.8","Index","Vacation house"
"2020K2"," Østsjælland","89.6","Index","Vacation house"
"2020K2"," Vest- og Sydsjælland","95.6","Index","Vacation house"
"2020K2"," Fyn","107.4","Index","Vacation house"
"2020K2"," Sydjylland","107.7","Index","Vacation house"
"2020K2"," Østjylland","97.2","Index","Vacation house"
"2020K2"," Vestjylland","101.2","Index","Vacation house"
"2020K2"," Nordjylland","89.5","Index","Vacation house"
"2020K3","Hele landet","101.3","Index","Vacation house"
"2020K3"," Byen København","0.0","Index","Vacation house"
"2020K3"," Københavns omegn","0.0","Index","Vacation house"
"2020K3"," Nordsjælland","105.7","Index","Vacation house"
"2020K3"," Bornholm","137.9","Index","Vacation house"
"2020K3"," Østsjælland","80.5","Index","Vacation house"
"2020K3"," Vest- og Sydsjælland","101.1","Index","Vacation house"
"2020K3"," Fyn","112.4","Index","Vacation house"
"2020K3"," Sydjylland","111.0","Index","Vacation house"
"2020K3"," Østjylland","101.9","Index","Vacation house"
"2020K3"," Vestjylland","107.3","Index","Vacation house"
"2020K3"," Nordjylland","93.1","Index","Vacation house"
"2020K4","Hele landet","103.8","Index","Vacation house"
"2020K4"," Byen København","0.0","Index","Vacation house"
"2020K4"," Københavns omegn","0.0","Index","Vacation house"
"2020K4"," Nordsjælland","109.0","Index","Vacation house"
"2020K4"," Bornholm","144.8","Index","Vacation house"
"2020K4"," Østsjælland","82.5","Index","Vacation house"
"2020K4"," Vest- og Sydsjælland","103.3","Index","Vacation house"
"2020K4"," Fyn","115.4","Index","Vacation house"
"2020K4"," Sydjylland","113.5","Index","Vacation house"
"2020K4"," Østjylland","103.2","Index","Vacation house"
"2020K4"," Vestjylland","106.8","Index","Vacation house"
"2020K4"," Nordjylland","96.1","Index","Vacation house"
"2021K1","Hele landet","108.0","Index","Vacation house"
"2021K1"," Byen København","0.0","Index","Vacation house"
"2021K1"," Københavns omegn","0.0","Index","Vacation house"
"2021K1"," Nordsjælland","115.8","Index","Vacation house"
"2021K1"," Bornholm","140.2","Index","Vacation house"
"2021K1"," Østsjælland","91.9","Index","Vacation house"
"2021K1"," Vest- og Sydsjælland","113.6","Index","Vacation house"
"2021K1"," Fyn","121.3","Index","Vacation house"
"2021K1"," Sydjylland","115.6","Index","Vacation house"
"2021K1"," Østjylland","108.8","Index","Vacation house"
"2021K1"," Vestjylland","116.0","Index","Vacation house"
"2021K1"," Nordjylland","98.2","Index","Vacation house"
"2021K2","Hele landet","116.5","Index","Vacation house"
"2021K2"," Byen København","0.0","Index","Vacation house"
"2021K2"," Københavns omegn","0.0","Index","Vacation house"
"2021K2"," Nordsjælland","122.4","Index","Vacation house"
"2021K2"," Bornholm","164.1","Index","Vacation house"
"2021K2"," Østsjælland","102.6","Index","Vacation house"
"2021K2"," Vest- og Sydsjælland","120.0","Index","Vacation house"
"2021K2"," Fyn","128.4","Index","Vacation house"
"2021K2"," Sydjylland","124.9","Index","Vacation house"
"2021K2"," Østjylland","120.6","Index","Vacation house"
"2021K2"," Vestjylland","121.7","Index","Vacation house"
"2021K2"," Nordjylland","105.5","Index","Vacation house"
"2021K3","Hele landet","117.2","Index","Vacation house"
"2021K3"," Byen København","0.0","Index","Vacation house"
"2021K3"," Københavns omegn","0.0","Index","Vacation house"
"2021K3"," Nordsjælland","120.9","Index","Vacation house"
"2021K3"," Bornholm","158.1","Index","Vacation house"
"2021K3"," Østsjælland","103.3","Index","Vacation house"
"2021K3"," Vest- og Sydsjælland","121.3","Index","Vacation house"
"2021K3"," Fyn","127.1","Index","Vacation house"
"2021K3"," Sydjylland","123.8","Index","Vacation house"
"2021K3"," Østjylland","123.1","Index","Vacation house"
"2021K3"," Vestjylland","118.7","Index","Vacation house"
"2021K3"," Nordjylland","104.3","Index","Vacation house"
"2021K4","Hele landet","115.7","Index","Vacation house"
"2021K4"," Byen København","0.0","Index","Vacation house"
"2021K4"," Københavns omegn","0.0","Index","Vacation house"
"2021K4"," Nordsjælland","119.9","Index","Vacation house"
"2021K4"," Bornholm","148.7","Index","Vacation house"
"2021K4"," Østsjælland","98.3","Index","Vacation house"
"2021K4"," Vest- og Sydsjælland","123.0","Index","Vacation house"
"2021K4"," Fyn","131.7","Index","Vacation house"
"2021K4"," Sydjylland","122.8","Index","Vacation house"
"2021K4"," Østjylland","112.7","Index","Vacation house"
"2021K4"," Vestjylland","116.5","Index","Vacation house"
"2021K4"," Nordjylland","107.3","Index","Vacation house"
"2022K1","Hele landet","117.6","Index","Vacation house"
"2022K1"," Byen København","0.0","Index","Vacation house"
"2022K1"," Københavns omegn","0.0","Index","Vacation house"
"2022K1"," Nordsjælland","119.2","Index","Vacation house"
"2022K1"," Bornholm","161.2","Index","Vacation house"
"2022K1"," Østsjælland","100.9","Index","Vacation house"
"2022K1"," Vest- og Sydsjælland","125.1","Index","Vacation house"
"2022K1"," Fyn","132.3","Index","Vacation house"
"2022K1"," Sydjylland","122.2","Index","Vacation house"
"2022K1"," Østjylland","125.6","Index","Vacation house"
"2022K1"," Vestjylland","124.1","Index","Vacation house"
"2022K1"," Nordjylland","106.8","Index","Vacation house"
"2022K2","Hele landet","121.9","Index","Vacation house"
"2022K2"," Byen København","0.0","Index","Vacation house"
"2022K2"," Københavns omegn","0.0","Index","Vacation house"
"2022K2"," Nordsjælland","127.2","Index","Vacation house"
"2022K2"," Bornholm","166.2","Index","Vacation house"
"2022K2"," Østsjælland","98.7","Index","Vacation house"
"2022K2"," Vest- og Sydsjælland","124.4","Index","Vacation house"
"2022K2"," Fyn","133.0","Index","Vacation house"
"2022K2"," Sydjylland","130.6","Index","Vacation house"
"2022K2"," Østjylland","124.4","Index","Vacation house"
"2022K2"," Vestjylland","124.6","Index","Vacation house"
"2022K2"," Nordjylland","111.8","Index","Vacation house"
"2022K3","Hele landet","121.4","Index","Vacation house"
"2022K3"," Byen København","0.0","Index","Vacation house"
"2022K3"," Københavns omegn","0.0","Index","Vacation house"
"2022K3"," Nordsjælland","122.5","Index","Vacation house"
"2022K3"," Bornholm","152.4","Index","Vacation house"
"2022K3"," Østsjælland","105.8","Index","Vacation house"
"2022K3"," Vest- og Sydsjælland","124.7","Index","Vacation house"
"2022K3"," Fyn","132.0","Index","Vacation house"
"2022K3"," Sydjylland","128.8","Index","Vacation house"
"2022K3"," Østjylland","125.5","Index","Vacation house"
"2022K3"," Vestjylland","127.3","Index","Vacation house"
"2022K3"," Nordjylland","113.7","Index","Vacation house"
"2022K4","Hele landet","116.7","Index","Vacation house"
"2022K4"," Byen København","0.0","Index","Vacation house"
"2022K4"," Københavns omegn","0.0","Index","Vacation house"
"2022K4"," Nordsjælland","110.0","Index","Vacation house"
"2022K4"," Bornholm","173.1","Index","Vacation house"
"2022K4"," Østsjælland","104.4","Index","Vacation house"
"2022K4"," Vest- og Sydsjælland","119.6","Index","Vacation house"
"2022K4"," Fyn","116.9","Index","Vacation house"
"2022K4"," Sydjylland","134.2","Index","Vacation house"
"2022K4"," Østjylland","126.3","Index","Vacation house"
"2022K4"," Vestjylland","113.2","Index","Vacation house"
"2022K4"," Nordjylland","112.4","Index","Vacation house"
"2023K1","Hele landet","116.8","Index","Vacation house"
"2023K1"," Byen København","0.0","Index","Vacation house"
"2023K1"," Københavns omegn","0.0","Index","Vacation house"
"2023K1"," Nordsjælland","114.0","Index","Vacation house"
"2023K1"," Bornholm","167.8","Index","Vacation house"
"2023K1"," Østsjælland","106.2","Index","Vacation house"
"2023K1"," Vest- og Sydsjælland","115.6","Index","Vacation house"
"2023K1"," Fyn","137.8","Index","Vacation house"
"2023K1"," Sydjylland","132.0","Index","Vacation house"
"2023K1"," Østjylland","125.0","Index","Vacation house"
"2023K1"," Vestjylland","119.3","Index","Vacation house"
"2023K1"," Nordjylland","109.2","Index","Vacation house"
