"Time","Area","Value","Metric","Category"
"1992K1","Hele landet","0.0","Pct_q","Vacation house"
"1992K1"," Byen København","0.0","Pct_q","Vacation house"
"1992K1"," Københavns omegn","0.0","Pct_q","Vacation house"
"1992K1"," Nordsjælland","0.0","Pct_q","Vacation house"
"1992K1"," Bornholm","0.0","Pct_q","Vacation house"
"1992K1"," Østsjælland","0.0","Pct_q","Vacation house"
"1992K1"," Vest- og Sydsjælland","0.0","Pct_q","Vacation house"
"1992K1"," Fyn","0.0","Pct_q","Vacation house"
"1992K1"," Sydjylland","0.0","Pct_q","Vacation house"
"1992K1"," Østjylland","0.0","Pct_q","Vacation house"
"1992K1"," Vestjylland","0.0","Pct_q","Vacation house"
"1992K1"," Nordjylland","0.0","Pct_q","Vacation house"
"1992K2","Hele landet","-1.7","Pct_q","Vacation house"
"1992K2"," Byen København","0.0","Pct_q","Vacation house"
"1992K2"," Københavns omegn","0.0","Pct_q","Vacation house"
"1992K2"," Nordsjælland","-0.6","Pct_q","Vacation house"
"1992K2"," Bornholm","0.0","Pct_q","Vacation house"
"1992K2"," Østsjælland","-1.1","Pct_q","Vacation house"
"1992K2"," Vest- og Sydsjælland","-1.8","Pct_q","Vacation house"
"1992K2"," Fyn","-0.4","Pct_q","Vacation house"
"1992K2"," Sydjylland","-3.7","Pct_q","Vacation house"
"1992K2"," Østjylland","3.1","Pct_q","Vacation house"
"1992K2"," Vestjylland","-1.8","Pct_q","Vacation house"
"1992K2"," Nordjylland","-2.5","Pct_q","Vacation house"
"1992K3","Hele landet","-1.0","Pct_q","Vacation house"
"1992K3"," Byen København","0.0","Pct_q","Vacation house"
"1992K3"," Københavns omegn","0.0","Pct_q","Vacation house"
"1992K3"," Nordsjælland","-4.0","Pct_q","Vacation house"
"1992K3"," Bornholm","0.0","Pct_q","Vacation house"
"1992K3"," Østsjælland","0.0","Pct_q","Vacation house"
"1992K3"," Vest- og Sydsjælland","-2.8","Pct_q","Vacation house"
"1992K3"," Fyn","7.0","Pct_q","Vacation house"
"1992K3"," Sydjylland","1.6","Pct_q","Vacation house"
"1992K3"," Østjylland","-5.0","Pct_q","Vacation house"
"1992K3"," Vestjylland","4.3","Pct_q","Vacation house"
"1992K3"," Nordjylland","3.3","Pct_q","Vacation house"
"1992K4","Hele landet","0.0","Pct_q","Vacation house"
"1992K4"," Byen København","0.0","Pct_q","Vacation house"
"1992K4"," Københavns omegn","0.0","Pct_q","Vacation house"
"1992K4"," Nordsjælland","1.8","Pct_q","Vacation house"
"1992K4"," Bornholm","0.0","Pct_q","Vacation house"
"1992K4"," Østsjælland","-4.0","Pct_q","Vacation house"
"1992K4"," Vest- og Sydsjælland","0.0","Pct_q","Vacation house"
"1992K4"," Fyn","-5.5","Pct_q","Vacation house"
"1992K4"," Sydjylland","-2.2","Pct_q","Vacation house"
"1992K4"," Østjylland","6.0","Pct_q","Vacation house"
"1992K4"," Vestjylland","-2.2","Pct_q","Vacation house"
"1992K4"," Nordjylland","-3.2","Pct_q","Vacation house"
"1993K1","Hele landet","-0.7","Pct_q","Vacation house"
"1993K1"," Byen København","0.0","Pct_q","Vacation house"
"1993K1"," Københavns omegn","0.0","Pct_q","Vacation house"
"1993K1"," Nordsjælland","-2.4","Pct_q","Vacation house"
"1993K1"," Bornholm","0.0","Pct_q","Vacation house"
"1993K1"," Østsjælland","2.4","Pct_q","Vacation house"
"1993K1"," Vest- og Sydsjælland","-1.4","Pct_q","Vacation house"
"1993K1"," Fyn","-2.5","Pct_q","Vacation house"
"1993K1"," Sydjylland","-1.0","Pct_q","Vacation house"
"1993K1"," Østjylland","-3.8","Pct_q","Vacation house"
"1993K1"," Vestjylland","-1.3","Pct_q","Vacation house"
"1993K1"," Nordjylland","2.0","Pct_q","Vacation house"
"1993K2","Hele landet","-0.4","Pct_q","Vacation house"
"1993K2"," Byen København","0.0","Pct_q","Vacation house"
"1993K2"," Københavns omegn","0.0","Pct_q","Vacation house"
"1993K2"," Nordsjælland","-2.4","Pct_q","Vacation house"
"1993K2"," Bornholm","0.0","Pct_q","Vacation house"
"1993K2"," Østsjælland","-8.0","Pct_q","Vacation house"
"1993K2"," Vest- og Sydsjælland","1.0","Pct_q","Vacation house"
"1993K2"," Fyn","4.5","Pct_q","Vacation house"
"1993K2"," Sydjylland","0.3","Pct_q","Vacation house"
"1993K2"," Østjylland","2.0","Pct_q","Vacation house"
"1993K2"," Vestjylland","-0.5","Pct_q","Vacation house"
"1993K2"," Nordjylland","-0.6","Pct_q","Vacation house"
"1993K3","Hele landet","1.1","Pct_q","Vacation house"
"1993K3"," Byen København","0.0","Pct_q","Vacation house"
"1993K3"," Københavns omegn","0.0","Pct_q","Vacation house"
"1993K3"," Nordsjælland","3.1","Pct_q","Vacation house"
"1993K3"," Bornholm","0.0","Pct_q","Vacation house"
"1993K3"," Østsjælland","7.5","Pct_q","Vacation house"
"1993K3"," Vest- og Sydsjælland","1.4","Pct_q","Vacation house"
"1993K3"," Fyn","3.9","Pct_q","Vacation house"
"1993K3"," Sydjylland","3.6","Pct_q","Vacation house"
"1993K3"," Østjylland","-1.5","Pct_q","Vacation house"
"1993K3"," Vestjylland","-0.3","Pct_q","Vacation house"
"1993K3"," Nordjylland","0.0","Pct_q","Vacation house"
"1993K4","Hele landet","3.8","Pct_q","Vacation house"
"1993K4"," Byen København","0.0","Pct_q","Vacation house"
"1993K4"," Københavns omegn","0.0","Pct_q","Vacation house"
"1993K4"," Nordsjælland","3.6","Pct_q","Vacation house"
"1993K4"," Bornholm","0.0","Pct_q","Vacation house"
"1993K4"," Østsjælland","-0.6","Pct_q","Vacation house"
"1993K4"," Vest- og Sydsjælland","-2.3","Pct_q","Vacation house"
"1993K4"," Fyn","1.7","Pct_q","Vacation house"
"1993K4"," Sydjylland","10.7","Pct_q","Vacation house"
"1993K4"," Østjylland","4.3","Pct_q","Vacation house"
"1993K4"," Vestjylland","2.6","Pct_q","Vacation house"
"1993K4"," Nordjylland","0.0","Pct_q","Vacation house"
"1994K1","Hele landet","3.7","Pct_q","Vacation house"
"1994K1"," Byen København","0.0","Pct_q","Vacation house"
"1994K1"," Københavns omegn","0.0","Pct_q","Vacation house"
"1994K1"," Nordsjælland","1.7","Pct_q","Vacation house"
"1994K1"," Bornholm","0.0","Pct_q","Vacation house"
"1994K1"," Østsjælland","2.9","Pct_q","Vacation house"
"1994K1"," Vest- og Sydsjælland","8.2","Pct_q","Vacation house"
"1994K1"," Fyn","-0.3","Pct_q","Vacation house"
"1994K1"," Sydjylland","-3.1","Pct_q","Vacation house"
"1994K1"," Østjylland","1.5","Pct_q","Vacation house"
"1994K1"," Vestjylland","6.5","Pct_q","Vacation house"
"1994K1"," Nordjylland","8.1","Pct_q","Vacation house"
"1994K2","Hele landet","-1.6","Pct_q","Vacation house"
"1994K2"," Byen København","0.0","Pct_q","Vacation house"
"1994K2"," Københavns omegn","0.0","Pct_q","Vacation house"
"1994K2"," Nordsjælland","0.6","Pct_q","Vacation house"
"1994K2"," Bornholm","0.0","Pct_q","Vacation house"
"1994K2"," Østsjælland","6.3","Pct_q","Vacation house"
"1994K2"," Vest- og Sydsjælland","0.4","Pct_q","Vacation house"
"1994K2"," Fyn","4.1","Pct_q","Vacation house"
"1994K2"," Sydjylland","0.9","Pct_q","Vacation house"
"1994K2"," Østjylland","0.4","Pct_q","Vacation house"
"1994K2"," Vestjylland","-2.3","Pct_q","Vacation house"
"1994K2"," Nordjylland","-2.7","Pct_q","Vacation house"
"1994K3","Hele landet","-0.7","Pct_q","Vacation house"
"1994K3"," Byen København","0.0","Pct_q","Vacation house"
"1994K3"," Københavns omegn","0.0","Pct_q","Vacation house"
"1994K3"," Nordsjælland","2.8","Pct_q","Vacation house"
"1994K3"," Bornholm","0.0","Pct_q","Vacation house"
"1994K3"," Østsjælland","-0.5","Pct_q","Vacation house"
"1994K3"," Vest- og Sydsjælland","-1.8","Pct_q","Vacation house"
"1994K3"," Fyn","-4.6","Pct_q","Vacation house"
"1994K3"," Sydjylland","-2.6","Pct_q","Vacation house"
"1994K3"," Østjylland","-0.7","Pct_q","Vacation house"
"1994K3"," Vestjylland","-1.2","Pct_q","Vacation house"
"1994K3"," Nordjylland","1.8","Pct_q","Vacation house"
"1994K4","Hele landet","0.0","Pct_q","Vacation house"
"1994K4"," Byen København","0.0","Pct_q","Vacation house"
"1994K4"," Københavns omegn","0.0","Pct_q","Vacation house"
"1994K4"," Nordsjælland","-6.0","Pct_q","Vacation house"
"1994K4"," Bornholm","0.0","Pct_q","Vacation house"
"1994K4"," Østsjælland","-3.2","Pct_q","Vacation house"
"1994K4"," Vest- og Sydsjælland","-0.5","Pct_q","Vacation house"
"1994K4"," Fyn","0.3","Pct_q","Vacation house"
"1994K4"," Sydjylland","-0.3","Pct_q","Vacation house"
"1994K4"," Østjylland","3.3","Pct_q","Vacation house"
"1994K4"," Vestjylland","5.8","Pct_q","Vacation house"
"1994K4"," Nordjylland","-4.2","Pct_q","Vacation house"
"1995K1","Hele landet","1.7","Pct_q","Vacation house"
"1995K1"," Byen København","0.0","Pct_q","Vacation house"
"1995K1"," Københavns omegn","0.0","Pct_q","Vacation house"
"1995K1"," Nordsjælland","0.6","Pct_q","Vacation house"
"1995K1"," Bornholm","0.0","Pct_q","Vacation house"
"1995K1"," Østsjælland","1.7","Pct_q","Vacation house"
"1995K1"," Vest- og Sydsjælland","-0.5","Pct_q","Vacation house"
"1995K1"," Fyn","4.8","Pct_q","Vacation house"
"1995K1"," Sydjylland","8.4","Pct_q","Vacation house"
"1995K1"," Østjylland","0.4","Pct_q","Vacation house"
"1995K1"," Vestjylland","-2.5","Pct_q","Vacation house"
"1995K1"," Nordjylland","2.2","Pct_q","Vacation house"
"1995K2","Hele landet","2.0","Pct_q","Vacation house"
"1995K2"," Byen København","0.0","Pct_q","Vacation house"
"1995K2"," Københavns omegn","0.0","Pct_q","Vacation house"
"1995K2"," Nordsjælland","7.0","Pct_q","Vacation house"
"1995K2"," Bornholm","0.0","Pct_q","Vacation house"
"1995K2"," Østsjælland","7.1","Pct_q","Vacation house"
"1995K2"," Vest- og Sydsjælland","3.2","Pct_q","Vacation house"
"1995K2"," Fyn","4.9","Pct_q","Vacation house"
"1995K2"," Sydjylland","-2.2","Pct_q","Vacation house"
"1995K2"," Østjylland","0.7","Pct_q","Vacation house"
"1995K2"," Vestjylland","0.5","Pct_q","Vacation house"
"1995K2"," Nordjylland","3.4","Pct_q","Vacation house"
"1995K3","Hele landet","-1.3","Pct_q","Vacation house"
"1995K3"," Byen København","0.0","Pct_q","Vacation house"
"1995K3"," Københavns omegn","0.0","Pct_q","Vacation house"
"1995K3"," Nordsjælland","-0.5","Pct_q","Vacation house"
"1995K3"," Bornholm","0.0","Pct_q","Vacation house"
"1995K3"," Østsjælland","2.6","Pct_q","Vacation house"
"1995K3"," Vest- og Sydsjælland","0.4","Pct_q","Vacation house"
"1995K3"," Fyn","-0.6","Pct_q","Vacation house"
"1995K3"," Sydjylland","-4.2","Pct_q","Vacation house"
"1995K3"," Østjylland","-1.8","Pct_q","Vacation house"
"1995K3"," Vestjylland","-2.3","Pct_q","Vacation house"
"1995K3"," Nordjylland","0.3","Pct_q","Vacation house"
"1995K4","Hele landet","2.6","Pct_q","Vacation house"
"1995K4"," Byen København","0.0","Pct_q","Vacation house"
"1995K4"," Københavns omegn","0.0","Pct_q","Vacation house"
"1995K4"," Nordsjælland","3.8","Pct_q","Vacation house"
"1995K4"," Bornholm","0.0","Pct_q","Vacation house"
"1995K4"," Østsjælland","5.0","Pct_q","Vacation house"
"1995K4"," Vest- og Sydsjælland","-2.6","Pct_q","Vacation house"
"1995K4"," Fyn","-5.0","Pct_q","Vacation house"
"1995K4"," Sydjylland","2.1","Pct_q","Vacation house"
"1995K4"," Østjylland","3.6","Pct_q","Vacation house"
"1995K4"," Vestjylland","5.0","Pct_q","Vacation house"
"1995K4"," Nordjylland","2.1","Pct_q","Vacation house"
"1996K1","Hele landet","2.5","Pct_q","Vacation house"
"1996K1"," Byen København","0.0","Pct_q","Vacation house"
"1996K1"," Københavns omegn","0.0","Pct_q","Vacation house"
"1996K1"," Nordsjælland","6.3","Pct_q","Vacation house"
"1996K1"," Bornholm","0.0","Pct_q","Vacation house"
"1996K1"," Østsjælland","0.9","Pct_q","Vacation house"
"1996K1"," Vest- og Sydsjælland","10.8","Pct_q","Vacation house"
"1996K1"," Fyn","9.5","Pct_q","Vacation house"
"1996K1"," Sydjylland","13.3","Pct_q","Vacation house"
"1996K1"," Østjylland","4.9","Pct_q","Vacation house"
"1996K1"," Vestjylland","8.4","Pct_q","Vacation house"
"1996K1"," Nordjylland","2.3","Pct_q","Vacation house"
"1996K2","Hele landet","3.4","Pct_q","Vacation house"
"1996K2"," Byen København","0.0","Pct_q","Vacation house"
"1996K2"," Københavns omegn","0.0","Pct_q","Vacation house"
"1996K2"," Nordsjælland","3.5","Pct_q","Vacation house"
"1996K2"," Bornholm","0.0","Pct_q","Vacation house"
"1996K2"," Østsjælland","7.5","Pct_q","Vacation house"
"1996K2"," Vest- og Sydsjælland","2.4","Pct_q","Vacation house"
"1996K2"," Fyn","7.5","Pct_q","Vacation house"
"1996K2"," Sydjylland","5.1","Pct_q","Vacation house"
"1996K2"," Østjylland","5.3","Pct_q","Vacation house"
"1996K2"," Vestjylland","-1.5","Pct_q","Vacation house"
"1996K2"," Nordjylland","4.0","Pct_q","Vacation house"
"1996K3","Hele landet","-0.3","Pct_q","Vacation house"
"1996K3"," Byen København","0.0","Pct_q","Vacation house"
"1996K3"," Københavns omegn","0.0","Pct_q","Vacation house"
"1996K3"," Nordsjælland","2.4","Pct_q","Vacation house"
"1996K3"," Bornholm","0.0","Pct_q","Vacation house"
"1996K3"," Østsjælland","-3.9","Pct_q","Vacation house"
"1996K3"," Vest- og Sydsjælland","-1.6","Pct_q","Vacation house"
"1996K3"," Fyn","0.6","Pct_q","Vacation house"
"1996K3"," Sydjylland","-1.7","Pct_q","Vacation house"
"1996K3"," Østjylland","1.6","Pct_q","Vacation house"
"1996K3"," Vestjylland","0.6","Pct_q","Vacation house"
"1996K3"," Nordjylland","-1.1","Pct_q","Vacation house"
"1996K4","Hele landet","2.1","Pct_q","Vacation house"
"1996K4"," Byen København","0.0","Pct_q","Vacation house"
"1996K4"," Københavns omegn","0.0","Pct_q","Vacation house"
"1996K4"," Nordsjælland","1.4","Pct_q","Vacation house"
"1996K4"," Bornholm","0.0","Pct_q","Vacation house"
"1996K4"," Østsjælland","4.1","Pct_q","Vacation house"
"1996K4"," Vest- og Sydsjælland","0.8","Pct_q","Vacation house"
"1996K4"," Fyn","6.9","Pct_q","Vacation house"
"1996K4"," Sydjylland","2.7","Pct_q","Vacation house"
"1996K4"," Østjylland","-1.6","Pct_q","Vacation house"
"1996K4"," Vestjylland","1.9","Pct_q","Vacation house"
"1996K4"," Nordjylland","2.5","Pct_q","Vacation house"
"1997K1","Hele landet","3.5","Pct_q","Vacation house"
"1997K1"," Byen København","0.0","Pct_q","Vacation house"
"1997K1"," Københavns omegn","0.0","Pct_q","Vacation house"
"1997K1"," Nordsjælland","4.1","Pct_q","Vacation house"
"1997K1"," Bornholm","0.0","Pct_q","Vacation house"
"1997K1"," Østsjælland","3.5","Pct_q","Vacation house"
"1997K1"," Vest- og Sydsjælland","4.0","Pct_q","Vacation house"
"1997K1"," Fyn","-1.8","Pct_q","Vacation house"
"1997K1"," Sydjylland","1.9","Pct_q","Vacation house"
"1997K1"," Østjylland","6.0","Pct_q","Vacation house"
"1997K1"," Vestjylland","3.3","Pct_q","Vacation house"
"1997K1"," Nordjylland","2.4","Pct_q","Vacation house"
"1997K2","Hele landet","2.3","Pct_q","Vacation house"
"1997K2"," Byen København","0.0","Pct_q","Vacation house"
"1997K2"," Københavns omegn","0.0","Pct_q","Vacation house"
"1997K2"," Nordsjælland","1.3","Pct_q","Vacation house"
"1997K2"," Bornholm","0.0","Pct_q","Vacation house"
"1997K2"," Østsjælland","10.5","Pct_q","Vacation house"
"1997K2"," Vest- og Sydsjælland","3.1","Pct_q","Vacation house"
"1997K2"," Fyn","5.8","Pct_q","Vacation house"
"1997K2"," Sydjylland","0.7","Pct_q","Vacation house"
"1997K2"," Østjylland","4.2","Pct_q","Vacation house"
"1997K2"," Vestjylland","-0.6","Pct_q","Vacation house"
"1997K2"," Nordjylland","3.2","Pct_q","Vacation house"
"1997K3","Hele landet","1.1","Pct_q","Vacation house"
"1997K3"," Byen København","0.0","Pct_q","Vacation house"
"1997K3"," Københavns omegn","0.0","Pct_q","Vacation house"
"1997K3"," Nordsjælland","3.9","Pct_q","Vacation house"
"1997K3"," Bornholm","0.0","Pct_q","Vacation house"
"1997K3"," Østsjælland","-9.2","Pct_q","Vacation house"
"1997K3"," Vest- og Sydsjælland","0.0","Pct_q","Vacation house"
"1997K3"," Fyn","3.5","Pct_q","Vacation house"
"1997K3"," Sydjylland","2.8","Pct_q","Vacation house"
"1997K3"," Østjylland","0.6","Pct_q","Vacation house"
"1997K3"," Vestjylland","0.6","Pct_q","Vacation house"
"1997K3"," Nordjylland","-0.8","Pct_q","Vacation house"
"1997K4","Hele landet","-0.5","Pct_q","Vacation house"
"1997K4"," Byen København","0.0","Pct_q","Vacation house"
"1997K4"," Københavns omegn","0.0","Pct_q","Vacation house"
"1997K4"," Nordsjælland","-2.5","Pct_q","Vacation house"
"1997K4"," Bornholm","0.0","Pct_q","Vacation house"
"1997K4"," Østsjælland","5.5","Pct_q","Vacation house"
"1997K4"," Vest- og Sydsjælland","-0.4","Pct_q","Vacation house"
"1997K4"," Fyn","-4.8","Pct_q","Vacation house"
"1997K4"," Sydjylland","-3.6","Pct_q","Vacation house"
"1997K4"," Østjylland","4.3","Pct_q","Vacation house"
"1997K4"," Vestjylland","-0.6","Pct_q","Vacation house"
"1997K4"," Nordjylland","3.6","Pct_q","Vacation house"
"1998K1","Hele landet","1.9","Pct_q","Vacation house"
"1998K1"," Byen København","0.0","Pct_q","Vacation house"
"1998K1"," Københavns omegn","0.0","Pct_q","Vacation house"
"1998K1"," Nordsjælland","17.2","Pct_q","Vacation house"
"1998K1"," Bornholm","0.0","Pct_q","Vacation house"
"1998K1"," Østsjælland","19.5","Pct_q","Vacation house"
"1998K1"," Vest- og Sydsjælland","8.6","Pct_q","Vacation house"
"1998K1"," Fyn","21.3","Pct_q","Vacation house"
"1998K1"," Sydjylland","3.5","Pct_q","Vacation house"
"1998K1"," Østjylland","2.2","Pct_q","Vacation house"
"1998K1"," Vestjylland","10.3","Pct_q","Vacation house"
"1998K1"," Nordjylland","-0.2","Pct_q","Vacation house"
"1998K2","Hele landet","3.8","Pct_q","Vacation house"
"1998K2"," Byen København","0.0","Pct_q","Vacation house"
"1998K2"," Københavns omegn","0.0","Pct_q","Vacation house"
"1998K2"," Nordsjælland","4.4","Pct_q","Vacation house"
"1998K2"," Bornholm","0.0","Pct_q","Vacation house"
"1998K2"," Østsjælland","-2.3","Pct_q","Vacation house"
"1998K2"," Vest- og Sydsjælland","5.5","Pct_q","Vacation house"
"1998K2"," Fyn","4.2","Pct_q","Vacation house"
"1998K2"," Sydjylland","3.2","Pct_q","Vacation house"
"1998K2"," Østjylland","2.9","Pct_q","Vacation house"
"1998K2"," Vestjylland","-0.6","Pct_q","Vacation house"
"1998K2"," Nordjylland","6.2","Pct_q","Vacation house"
"1998K3","Hele landet","2.3","Pct_q","Vacation house"
"1998K3"," Byen København","0.0","Pct_q","Vacation house"
"1998K3"," Københavns omegn","0.0","Pct_q","Vacation house"
"1998K3"," Nordsjælland","5.6","Pct_q","Vacation house"
"1998K3"," Bornholm","0.0","Pct_q","Vacation house"
"1998K3"," Østsjælland","3.4","Pct_q","Vacation house"
"1998K3"," Vest- og Sydsjælland","-0.3","Pct_q","Vacation house"
"1998K3"," Fyn","1.0","Pct_q","Vacation house"
"1998K3"," Sydjylland","1.3","Pct_q","Vacation house"
"1998K3"," Østjylland","7.0","Pct_q","Vacation house"
"1998K3"," Vestjylland","-3.1","Pct_q","Vacation house"
"1998K3"," Nordjylland","2.1","Pct_q","Vacation house"
"1998K4","Hele landet","0.8","Pct_q","Vacation house"
"1998K4"," Byen København","0.0","Pct_q","Vacation house"
"1998K4"," Københavns omegn","0.0","Pct_q","Vacation house"
"1998K4"," Nordsjælland","0.7","Pct_q","Vacation house"
"1998K4"," Bornholm","0.0","Pct_q","Vacation house"
"1998K4"," Østsjælland","5.9","Pct_q","Vacation house"
"1998K4"," Vest- og Sydsjælland","1.6","Pct_q","Vacation house"
"1998K4"," Fyn","1.6","Pct_q","Vacation house"
"1998K4"," Sydjylland","1.3","Pct_q","Vacation house"
"1998K4"," Østjylland","0.7","Pct_q","Vacation house"
"1998K4"," Vestjylland","-2.3","Pct_q","Vacation house"
"1998K4"," Nordjylland","3.2","Pct_q","Vacation house"
"1999K1","Hele landet","0.5","Pct_q","Vacation house"
"1999K1"," Byen København","0.0","Pct_q","Vacation house"
"1999K1"," Københavns omegn","0.0","Pct_q","Vacation house"
"1999K1"," Nordsjælland","0.7","Pct_q","Vacation house"
"1999K1"," Bornholm","0.0","Pct_q","Vacation house"
"1999K1"," Østsjælland","-1.6","Pct_q","Vacation house"
"1999K1"," Vest- og Sydsjælland","2.3","Pct_q","Vacation house"
"1999K1"," Fyn","1.2","Pct_q","Vacation house"
"1999K1"," Sydjylland","6.7","Pct_q","Vacation house"
"1999K1"," Østjylland","-2.7","Pct_q","Vacation house"
"1999K1"," Vestjylland","3.5","Pct_q","Vacation house"
"1999K1"," Nordjylland","-0.7","Pct_q","Vacation house"
"1999K2","Hele landet","4.3","Pct_q","Vacation house"
"1999K2"," Byen København","0.0","Pct_q","Vacation house"
"1999K2"," Københavns omegn","0.0","Pct_q","Vacation house"
"1999K2"," Nordsjælland","4.9","Pct_q","Vacation house"
"1999K2"," Bornholm","0.0","Pct_q","Vacation house"
"1999K2"," Østsjælland","0.6","Pct_q","Vacation house"
"1999K2"," Vest- og Sydsjælland","3.8","Pct_q","Vacation house"
"1999K2"," Fyn","4.8","Pct_q","Vacation house"
"1999K2"," Sydjylland","-2.0","Pct_q","Vacation house"
"1999K2"," Østjylland","7.7","Pct_q","Vacation house"
"1999K2"," Vestjylland","5.5","Pct_q","Vacation house"
"1999K2"," Nordjylland","3.1","Pct_q","Vacation house"
"1999K3","Hele landet","3.6","Pct_q","Vacation house"
"1999K3"," Byen København","0.0","Pct_q","Vacation house"
"1999K3"," Københavns omegn","0.0","Pct_q","Vacation house"
"1999K3"," Nordsjælland","0.3","Pct_q","Vacation house"
"1999K3"," Bornholm","0.0","Pct_q","Vacation house"
"1999K3"," Østsjælland","12.9","Pct_q","Vacation house"
"1999K3"," Vest- og Sydsjælland","2.7","Pct_q","Vacation house"
"1999K3"," Fyn","4.1","Pct_q","Vacation house"
"1999K3"," Sydjylland","1.4","Pct_q","Vacation house"
"1999K3"," Østjylland","1.6","Pct_q","Vacation house"
"1999K3"," Vestjylland","2.5","Pct_q","Vacation house"
"1999K3"," Nordjylland","6.3","Pct_q","Vacation house"
"1999K4","Hele landet","-3.5","Pct_q","Vacation house"
"1999K4"," Byen København","0.0","Pct_q","Vacation house"
"1999K4"," Københavns omegn","0.0","Pct_q","Vacation house"
"1999K4"," Nordsjælland","-4.7","Pct_q","Vacation house"
"1999K4"," Bornholm","0.0","Pct_q","Vacation house"
"1999K4"," Østsjælland","-1.9","Pct_q","Vacation house"
"1999K4"," Vest- og Sydsjælland","-2.1","Pct_q","Vacation house"
"1999K4"," Fyn","-7.8","Pct_q","Vacation house"
"1999K4"," Sydjylland","1.2","Pct_q","Vacation house"
"1999K4"," Østjylland","-0.2","Pct_q","Vacation house"
"1999K4"," Vestjylland","-5.8","Pct_q","Vacation house"
"1999K4"," Nordjylland","-3.5","Pct_q","Vacation house"
"2000K1","Hele landet","2.4","Pct_q","Vacation house"
"2000K1"," Byen København","0.0","Pct_q","Vacation house"
"2000K1"," Københavns omegn","0.0","Pct_q","Vacation house"
"2000K1"," Nordsjælland","13.4","Pct_q","Vacation house"
"2000K1"," Bornholm","0.0","Pct_q","Vacation house"
"2000K1"," Østsjælland","0.3","Pct_q","Vacation house"
"2000K1"," Vest- og Sydsjælland","3.9","Pct_q","Vacation house"
"2000K1"," Fyn","6.5","Pct_q","Vacation house"
"2000K1"," Sydjylland","1.0","Pct_q","Vacation house"
"2000K1"," Østjylland","2.7","Pct_q","Vacation house"
"2000K1"," Vestjylland","0.0","Pct_q","Vacation house"
"2000K1"," Nordjylland","3.4","Pct_q","Vacation house"
"2000K2","Hele landet","5.2","Pct_q","Vacation house"
"2000K2"," Byen København","0.0","Pct_q","Vacation house"
"2000K2"," Københavns omegn","0.0","Pct_q","Vacation house"
"2000K2"," Nordsjælland","3.8","Pct_q","Vacation house"
"2000K2"," Bornholm","0.0","Pct_q","Vacation house"
"2000K2"," Østsjælland","-0.6","Pct_q","Vacation house"
"2000K2"," Vest- og Sydsjælland","9.6","Pct_q","Vacation house"
"2000K2"," Fyn","7.9","Pct_q","Vacation house"
"2000K2"," Sydjylland","3.8","Pct_q","Vacation house"
"2000K2"," Østjylland","1.8","Pct_q","Vacation house"
"2000K2"," Vestjylland","4.8","Pct_q","Vacation house"
"2000K2"," Nordjylland","4.3","Pct_q","Vacation house"
"2000K3","Hele landet","4.9","Pct_q","Vacation house"
"2000K3"," Byen København","0.0","Pct_q","Vacation house"
"2000K3"," Københavns omegn","0.0","Pct_q","Vacation house"
"2000K3"," Nordsjælland","7.0","Pct_q","Vacation house"
"2000K3"," Bornholm","0.0","Pct_q","Vacation house"
"2000K3"," Østsjælland","11.7","Pct_q","Vacation house"
"2000K3"," Vest- og Sydsjælland","6.6","Pct_q","Vacation house"
"2000K3"," Fyn","-2.8","Pct_q","Vacation house"
"2000K3"," Sydjylland","0.4","Pct_q","Vacation house"
"2000K3"," Østjylland","7.6","Pct_q","Vacation house"
"2000K3"," Vestjylland","2.7","Pct_q","Vacation house"
"2000K3"," Nordjylland","2.5","Pct_q","Vacation house"
"2000K4","Hele landet","-2.3","Pct_q","Vacation house"
"2000K4"," Byen København","0.0","Pct_q","Vacation house"
"2000K4"," Københavns omegn","0.0","Pct_q","Vacation house"
"2000K4"," Nordsjælland","-3.1","Pct_q","Vacation house"
"2000K4"," Bornholm","0.0","Pct_q","Vacation house"
"2000K4"," Østsjælland","-3.6","Pct_q","Vacation house"
"2000K4"," Vest- og Sydsjælland","-3.0","Pct_q","Vacation house"
"2000K4"," Fyn","-0.9","Pct_q","Vacation house"
"2000K4"," Sydjylland","2.9","Pct_q","Vacation house"
"2000K4"," Østjylland","-2.0","Pct_q","Vacation house"
"2000K4"," Vestjylland","-0.2","Pct_q","Vacation house"
"2000K4"," Nordjylland","-5.0","Pct_q","Vacation house"
"2001K1","Hele landet","3.1","Pct_q","Vacation house"
"2001K1"," Byen København","0.0","Pct_q","Vacation house"
"2001K1"," Københavns omegn","0.0","Pct_q","Vacation house"
"2001K1"," Nordsjælland","3.0","Pct_q","Vacation house"
"2001K1"," Bornholm","0.0","Pct_q","Vacation house"
"2001K1"," Østsjælland","22.0","Pct_q","Vacation house"
"2001K1"," Vest- og Sydsjælland","2.6","Pct_q","Vacation house"
"2001K1"," Fyn","-0.3","Pct_q","Vacation house"
"2001K1"," Sydjylland","0.0","Pct_q","Vacation house"
"2001K1"," Østjylland","2.7","Pct_q","Vacation house"
"2001K1"," Vestjylland","1.2","Pct_q","Vacation house"
"2001K1"," Nordjylland","7.2","Pct_q","Vacation house"
"2001K2","Hele landet","2.7","Pct_q","Vacation house"
"2001K2"," Byen København","0.0","Pct_q","Vacation house"
"2001K2"," Københavns omegn","0.0","Pct_q","Vacation house"
"2001K2"," Nordsjælland","7.8","Pct_q","Vacation house"
"2001K2"," Bornholm","0.0","Pct_q","Vacation house"
"2001K2"," Østsjælland","-6.9","Pct_q","Vacation house"
"2001K2"," Vest- og Sydsjælland","5.0","Pct_q","Vacation house"
"2001K2"," Fyn","-0.9","Pct_q","Vacation house"
"2001K2"," Sydjylland","3.7","Pct_q","Vacation house"
"2001K2"," Østjylland","-1.6","Pct_q","Vacation house"
"2001K2"," Vestjylland","-1.9","Pct_q","Vacation house"
"2001K2"," Nordjylland","0.8","Pct_q","Vacation house"
"2001K3","Hele landet","3.3","Pct_q","Vacation house"
"2001K3"," Byen København","0.0","Pct_q","Vacation house"
"2001K3"," Københavns omegn","0.0","Pct_q","Vacation house"
"2001K3"," Nordsjælland","2.4","Pct_q","Vacation house"
"2001K3"," Bornholm","0.0","Pct_q","Vacation house"
"2001K3"," Østsjælland","10.3","Pct_q","Vacation house"
"2001K3"," Vest- og Sydsjælland","5.5","Pct_q","Vacation house"
"2001K3"," Fyn","-1.9","Pct_q","Vacation house"
"2001K3"," Sydjylland","-2.7","Pct_q","Vacation house"
"2001K3"," Østjylland","2.0","Pct_q","Vacation house"
"2001K3"," Vestjylland","6.1","Pct_q","Vacation house"
"2001K3"," Nordjylland","0.9","Pct_q","Vacation house"
"2001K4","Hele landet","-2.2","Pct_q","Vacation house"
"2001K4"," Byen København","0.0","Pct_q","Vacation house"
"2001K4"," Københavns omegn","0.0","Pct_q","Vacation house"
"2001K4"," Nordsjælland","-2.8","Pct_q","Vacation house"
"2001K4"," Bornholm","0.0","Pct_q","Vacation house"
"2001K4"," Østsjælland","1.7","Pct_q","Vacation house"
"2001K4"," Vest- og Sydsjælland","0.5","Pct_q","Vacation house"
"2001K4"," Fyn","5.4","Pct_q","Vacation house"
"2001K4"," Sydjylland","2.2","Pct_q","Vacation house"
"2001K4"," Østjylland","-0.4","Pct_q","Vacation house"
"2001K4"," Vestjylland","-3.8","Pct_q","Vacation house"
"2001K4"," Nordjylland","-4.8","Pct_q","Vacation house"
"2002K1","Hele landet","2.4","Pct_q","Vacation house"
"2002K1"," Byen København","0.0","Pct_q","Vacation house"
"2002K1"," Københavns omegn","0.0","Pct_q","Vacation house"
"2002K1"," Nordsjælland","1.9","Pct_q","Vacation house"
"2002K1"," Bornholm","0.0","Pct_q","Vacation house"
"2002K1"," Østsjælland","-6.4","Pct_q","Vacation house"
"2002K1"," Vest- og Sydsjælland","1.1","Pct_q","Vacation house"
"2002K1"," Fyn","0.0","Pct_q","Vacation house"
"2002K1"," Sydjylland","3.2","Pct_q","Vacation house"
"2002K1"," Østjylland","-1.6","Pct_q","Vacation house"
"2002K1"," Vestjylland","-0.2","Pct_q","Vacation house"
"2002K1"," Nordjylland","8.3","Pct_q","Vacation house"
"2002K2","Hele landet","4.6","Pct_q","Vacation house"
"2002K2"," Byen København","0.0","Pct_q","Vacation house"
"2002K2"," Københavns omegn","0.0","Pct_q","Vacation house"
"2002K2"," Nordsjælland","4.1","Pct_q","Vacation house"
"2002K2"," Bornholm","0.0","Pct_q","Vacation house"
"2002K2"," Østsjælland","12.4","Pct_q","Vacation house"
"2002K2"," Vest- og Sydsjælland","9.3","Pct_q","Vacation house"
"2002K2"," Fyn","0.5","Pct_q","Vacation house"
"2002K2"," Sydjylland","-3.1","Pct_q","Vacation house"
"2002K2"," Østjylland","7.7","Pct_q","Vacation house"
"2002K2"," Vestjylland","6.5","Pct_q","Vacation house"
"2002K2"," Nordjylland","0.2","Pct_q","Vacation house"
"2002K3","Hele landet","4.0","Pct_q","Vacation house"
"2002K3"," Byen København","0.0","Pct_q","Vacation house"
"2002K3"," Københavns omegn","0.0","Pct_q","Vacation house"
"2002K3"," Nordsjælland","8.7","Pct_q","Vacation house"
"2002K3"," Bornholm","0.0","Pct_q","Vacation house"
"2002K3"," Østsjælland","1.0","Pct_q","Vacation house"
"2002K3"," Vest- og Sydsjælland","2.8","Pct_q","Vacation house"
"2002K3"," Fyn","7.6","Pct_q","Vacation house"
"2002K3"," Sydjylland","4.7","Pct_q","Vacation house"
"2002K3"," Østjylland","1.5","Pct_q","Vacation house"
"2002K3"," Vestjylland","-3.0","Pct_q","Vacation house"
"2002K3"," Nordjylland","2.3","Pct_q","Vacation house"
"2002K4","Hele landet","-2.0","Pct_q","Vacation house"
"2002K4"," Byen København","0.0","Pct_q","Vacation house"
"2002K4"," Københavns omegn","0.0","Pct_q","Vacation house"
"2002K4"," Nordsjælland","-2.5","Pct_q","Vacation house"
"2002K4"," Bornholm","0.0","Pct_q","Vacation house"
"2002K4"," Østsjælland","0.6","Pct_q","Vacation house"
"2002K4"," Vest- og Sydsjælland","1.0","Pct_q","Vacation house"
"2002K4"," Fyn","-5.8","Pct_q","Vacation house"
"2002K4"," Sydjylland","-1.0","Pct_q","Vacation house"
"2002K4"," Østjylland","-3.9","Pct_q","Vacation house"
"2002K4"," Vestjylland","-1.8","Pct_q","Vacation house"
"2002K4"," Nordjylland","-0.2","Pct_q","Vacation house"
"2003K1","Hele landet","2.6","Pct_q","Vacation house"
"2003K1"," Byen København","0.0","Pct_q","Vacation house"
"2003K1"," Københavns omegn","0.0","Pct_q","Vacation house"
"2003K1"," Nordsjælland","7.6","Pct_q","Vacation house"
"2003K1"," Bornholm","0.0","Pct_q","Vacation house"
"2003K1"," Østsjælland","-2.5","Pct_q","Vacation house"
"2003K1"," Vest- og Sydsjælland","3.5","Pct_q","Vacation house"
"2003K1"," Fyn","-0.3","Pct_q","Vacation house"
"2003K1"," Sydjylland","0.7","Pct_q","Vacation house"
"2003K1"," Østjylland","1.9","Pct_q","Vacation house"
"2003K1"," Vestjylland","0.5","Pct_q","Vacation house"
"2003K1"," Nordjylland","1.2","Pct_q","Vacation house"
"2003K2","Hele landet","4.4","Pct_q","Vacation house"
"2003K2"," Byen København","0.0","Pct_q","Vacation house"
"2003K2"," Københavns omegn","0.0","Pct_q","Vacation house"
"2003K2"," Nordsjælland","3.8","Pct_q","Vacation house"
"2003K2"," Bornholm","0.0","Pct_q","Vacation house"
"2003K2"," Østsjælland","4.2","Pct_q","Vacation house"
"2003K2"," Vest- og Sydsjælland","6.0","Pct_q","Vacation house"
"2003K2"," Fyn","3.0","Pct_q","Vacation house"
"2003K2"," Sydjylland","3.3","Pct_q","Vacation house"
"2003K2"," Østjylland","6.7","Pct_q","Vacation house"
"2003K2"," Vestjylland","5.5","Pct_q","Vacation house"
"2003K2"," Nordjylland","2.2","Pct_q","Vacation house"
"2003K3","Hele landet","3.5","Pct_q","Vacation house"
"2003K3"," Byen København","0.0","Pct_q","Vacation house"
"2003K3"," Københavns omegn","0.0","Pct_q","Vacation house"
"2003K3"," Nordsjælland","4.8","Pct_q","Vacation house"
"2003K3"," Bornholm","0.0","Pct_q","Vacation house"
"2003K3"," Østsjælland","-4.6","Pct_q","Vacation house"
"2003K3"," Vest- og Sydsjælland","3.6","Pct_q","Vacation house"
"2003K3"," Fyn","1.3","Pct_q","Vacation house"
"2003K3"," Sydjylland","2.0","Pct_q","Vacation house"
"2003K3"," Østjylland","-1.8","Pct_q","Vacation house"
"2003K3"," Vestjylland","4.1","Pct_q","Vacation house"
"2003K3"," Nordjylland","3.7","Pct_q","Vacation house"
"2003K4","Hele landet","-0.5","Pct_q","Vacation house"
"2003K4"," Byen København","0.0","Pct_q","Vacation house"
"2003K4"," Københavns omegn","0.0","Pct_q","Vacation house"
"2003K4"," Nordsjælland","-3.0","Pct_q","Vacation house"
"2003K4"," Bornholm","0.0","Pct_q","Vacation house"
"2003K4"," Østsjælland","2.6","Pct_q","Vacation house"
"2003K4"," Vest- og Sydsjælland","1.2","Pct_q","Vacation house"
"2003K4"," Fyn","-1.6","Pct_q","Vacation house"
"2003K4"," Sydjylland","3.4","Pct_q","Vacation house"
"2003K4"," Østjylland","4.4","Pct_q","Vacation house"
"2003K4"," Vestjylland","-1.1","Pct_q","Vacation house"
"2003K4"," Nordjylland","2.0","Pct_q","Vacation house"
"2004K1","Hele landet","6.3","Pct_q","Vacation house"
"2004K1"," Byen København","0.0","Pct_q","Vacation house"
"2004K1"," Københavns omegn","0.0","Pct_q","Vacation house"
"2004K1"," Nordsjælland","8.6","Pct_q","Vacation house"
"2004K1"," Bornholm","0.0","Pct_q","Vacation house"
"2004K1"," Østsjælland","5.9","Pct_q","Vacation house"
"2004K1"," Vest- og Sydsjælland","8.5","Pct_q","Vacation house"
"2004K1"," Fyn","7.2","Pct_q","Vacation house"
"2004K1"," Sydjylland","7.4","Pct_q","Vacation house"
"2004K1"," Østjylland","2.6","Pct_q","Vacation house"
"2004K1"," Vestjylland","6.9","Pct_q","Vacation house"
"2004K1"," Nordjylland","3.7","Pct_q","Vacation house"
"2004K2","Hele landet","9.1","Pct_q","Vacation house"
"2004K2"," Byen København","0.0","Pct_q","Vacation house"
"2004K2"," Københavns omegn","0.0","Pct_q","Vacation house"
"2004K2"," Nordsjælland","11.2","Pct_q","Vacation house"
"2004K2"," Bornholm","0.0","Pct_q","Vacation house"
"2004K2"," Østsjælland","2.2","Pct_q","Vacation house"
"2004K2"," Vest- og Sydsjælland","9.1","Pct_q","Vacation house"
"2004K2"," Fyn","6.7","Pct_q","Vacation house"
"2004K2"," Sydjylland","5.4","Pct_q","Vacation house"
"2004K2"," Østjylland","10.8","Pct_q","Vacation house"
"2004K2"," Vestjylland","7.6","Pct_q","Vacation house"
"2004K2"," Nordjylland","10.5","Pct_q","Vacation house"
"2004K3","Hele landet","5.5","Pct_q","Vacation house"
"2004K3"," Byen København","0.0","Pct_q","Vacation house"
"2004K3"," Københavns omegn","0.0","Pct_q","Vacation house"
"2004K3"," Nordsjælland","2.8","Pct_q","Vacation house"
"2004K3"," Bornholm","0.0","Pct_q","Vacation house"
"2004K3"," Østsjælland","12.5","Pct_q","Vacation house"
"2004K3"," Vest- og Sydsjælland","6.2","Pct_q","Vacation house"
"2004K3"," Fyn","7.7","Pct_q","Vacation house"
"2004K3"," Sydjylland","3.8","Pct_q","Vacation house"
"2004K3"," Østjylland","8.3","Pct_q","Vacation house"
"2004K3"," Vestjylland","6.6","Pct_q","Vacation house"
"2004K3"," Nordjylland","3.9","Pct_q","Vacation house"
"2004K4","Hele landet","1.8","Pct_q","Vacation house"
"2004K4"," Byen København","0.0","Pct_q","Vacation house"
"2004K4"," Københavns omegn","0.0","Pct_q","Vacation house"
"2004K4"," Nordsjælland","0.6","Pct_q","Vacation house"
"2004K4"," Bornholm","0.0","Pct_q","Vacation house"
"2004K4"," Østsjælland","6.1","Pct_q","Vacation house"
"2004K4"," Vest- og Sydsjælland","1.1","Pct_q","Vacation house"
"2004K4"," Fyn","-1.6","Pct_q","Vacation house"
"2004K4"," Sydjylland","6.2","Pct_q","Vacation house"
"2004K4"," Østjylland","0.1","Pct_q","Vacation house"
"2004K4"," Vestjylland","5.1","Pct_q","Vacation house"
"2004K4"," Nordjylland","1.7","Pct_q","Vacation house"
"2005K1","Hele landet","4.3","Pct_q","Vacation house"
"2005K1"," Byen København","0.0","Pct_q","Vacation house"
"2005K1"," Københavns omegn","0.0","Pct_q","Vacation house"
"2005K1"," Nordsjælland","6.7","Pct_q","Vacation house"
"2005K1"," Bornholm","0.0","Pct_q","Vacation house"
"2005K1"," Østsjælland","8.9","Pct_q","Vacation house"
"2005K1"," Vest- og Sydsjælland","6.7","Pct_q","Vacation house"
"2005K1"," Fyn","5.5","Pct_q","Vacation house"
"2005K1"," Sydjylland","2.7","Pct_q","Vacation house"
"2005K1"," Østjylland","4.8","Pct_q","Vacation house"
"2005K1"," Vestjylland","1.6","Pct_q","Vacation house"
"2005K1"," Nordjylland","2.5","Pct_q","Vacation house"
"2005K2","Hele landet","8.2","Pct_q","Vacation house"
"2005K2"," Byen København","0.0","Pct_q","Vacation house"
"2005K2"," Københavns omegn","0.0","Pct_q","Vacation house"
"2005K2"," Nordsjælland","9.7","Pct_q","Vacation house"
"2005K2"," Bornholm","0.0","Pct_q","Vacation house"
"2005K2"," Østsjælland","-2.2","Pct_q","Vacation house"
"2005K2"," Vest- og Sydsjælland","8.4","Pct_q","Vacation house"
"2005K2"," Fyn","7.8","Pct_q","Vacation house"
"2005K2"," Sydjylland","5.2","Pct_q","Vacation house"
"2005K2"," Østjylland","7.4","Pct_q","Vacation house"
"2005K2"," Vestjylland","5.8","Pct_q","Vacation house"
"2005K2"," Nordjylland","10.2","Pct_q","Vacation house"
"2005K3","Hele landet","8.3","Pct_q","Vacation house"
"2005K3"," Byen København","0.0","Pct_q","Vacation house"
"2005K3"," Københavns omegn","0.0","Pct_q","Vacation house"
"2005K3"," Nordsjælland","8.3","Pct_q","Vacation house"
"2005K3"," Bornholm","0.0","Pct_q","Vacation house"
"2005K3"," Østsjælland","10.1","Pct_q","Vacation house"
"2005K3"," Vest- og Sydsjælland","6.3","Pct_q","Vacation house"
"2005K3"," Fyn","3.3","Pct_q","Vacation house"
"2005K3"," Sydjylland","8.0","Pct_q","Vacation house"
"2005K3"," Østjylland","11.3","Pct_q","Vacation house"
"2005K3"," Vestjylland","7.2","Pct_q","Vacation house"
"2005K3"," Nordjylland","8.2","Pct_q","Vacation house"
"2005K4","Hele landet","-0.4","Pct_q","Vacation house"
"2005K4"," Byen København","0.0","Pct_q","Vacation house"
"2005K4"," Københavns omegn","0.0","Pct_q","Vacation house"
"2005K4"," Nordsjælland","1.1","Pct_q","Vacation house"
"2005K4"," Bornholm","0.0","Pct_q","Vacation house"
"2005K4"," Østsjælland","11.8","Pct_q","Vacation house"
"2005K4"," Vest- og Sydsjælland","0.3","Pct_q","Vacation house"
"2005K4"," Fyn","-3.0","Pct_q","Vacation house"
"2005K4"," Sydjylland","-4.9","Pct_q","Vacation house"
"2005K4"," Østjylland","-0.8","Pct_q","Vacation house"
"2005K4"," Vestjylland","3.4","Pct_q","Vacation house"
"2005K4"," Nordjylland","-2.9","Pct_q","Vacation house"
"2006K1","Hele landet","5.0","Pct_q","Vacation house"
"2006K1"," Byen København","0.0","Pct_q","Vacation house"
"2006K1"," Københavns omegn","0.0","Pct_q","Vacation house"
"2006K1"," Nordsjælland","9.6","Pct_q","Vacation house"
"2006K1"," Bornholm","0.0","Pct_q","Vacation house"
"2006K1"," Østsjælland","17.7","Pct_q","Vacation house"
"2006K1"," Vest- og Sydsjælland","2.2","Pct_q","Vacation house"
"2006K1"," Fyn","7.3","Pct_q","Vacation house"
"2006K1"," Sydjylland","11.1","Pct_q","Vacation house"
"2006K1"," Østjylland","3.2","Pct_q","Vacation house"
"2006K1"," Vestjylland","-3.5","Pct_q","Vacation house"
"2006K1"," Nordjylland","4.4","Pct_q","Vacation house"
"2006K2","Hele landet","6.5","Pct_q","Vacation house"
"2006K2"," Byen København","0.0","Pct_q","Vacation house"
"2006K2"," Københavns omegn","0.0","Pct_q","Vacation house"
"2006K2"," Nordsjælland","7.6","Pct_q","Vacation house"
"2006K2"," Bornholm","10.3","Pct_q","Vacation house"
"2006K2"," Østsjælland","-2.5","Pct_q","Vacation house"
"2006K2"," Vest- og Sydsjælland","8.7","Pct_q","Vacation house"
"2006K2"," Fyn","8.1","Pct_q","Vacation house"
"2006K2"," Sydjylland","1.3","Pct_q","Vacation house"
"2006K2"," Østjylland","7.7","Pct_q","Vacation house"
"2006K2"," Vestjylland","6.0","Pct_q","Vacation house"
"2006K2"," Nordjylland","8.8","Pct_q","Vacation house"
"2006K3","Hele landet","4.1","Pct_q","Vacation house"
"2006K3"," Byen København","0.0","Pct_q","Vacation house"
"2006K3"," Københavns omegn","0.0","Pct_q","Vacation house"
"2006K3"," Nordsjælland","5.1","Pct_q","Vacation house"
"2006K3"," Bornholm","0.7","Pct_q","Vacation house"
"2006K3"," Østsjælland","-1.6","Pct_q","Vacation house"
"2006K3"," Vest- og Sydsjælland","1.8","Pct_q","Vacation house"
"2006K3"," Fyn","5.9","Pct_q","Vacation house"
"2006K3"," Sydjylland","5.4","Pct_q","Vacation house"
"2006K3"," Østjylland","10.2","Pct_q","Vacation house"
"2006K3"," Vestjylland","1.9","Pct_q","Vacation house"
"2006K3"," Nordjylland","0.8","Pct_q","Vacation house"
"2006K4","Hele landet","-2.7","Pct_q","Vacation house"
"2006K4"," Byen København","0.0","Pct_q","Vacation house"
"2006K4"," Københavns omegn","0.0","Pct_q","Vacation house"
"2006K4"," Nordsjælland","0.0","Pct_q","Vacation house"
"2006K4"," Bornholm","6.3","Pct_q","Vacation house"
"2006K4"," Østsjælland","3.6","Pct_q","Vacation house"
"2006K4"," Vest- og Sydsjælland","-4.4","Pct_q","Vacation house"
"2006K4"," Fyn","2.1","Pct_q","Vacation house"
"2006K4"," Sydjylland","-3.1","Pct_q","Vacation house"
"2006K4"," Østjylland","-4.3","Pct_q","Vacation house"
"2006K4"," Vestjylland","-6.2","Pct_q","Vacation house"
"2006K4"," Nordjylland","-2.1","Pct_q","Vacation house"
"2007K1","Hele landet","-1.0","Pct_q","Vacation house"
"2007K1"," Byen København","0.0","Pct_q","Vacation house"
"2007K1"," Københavns omegn","0.0","Pct_q","Vacation house"
"2007K1"," Nordsjælland","-5.8","Pct_q","Vacation house"
"2007K1"," Bornholm","-4.2","Pct_q","Vacation house"
"2007K1"," Østsjælland","-0.3","Pct_q","Vacation house"
"2007K1"," Vest- og Sydsjælland","1.8","Pct_q","Vacation house"
"2007K1"," Fyn","3.7","Pct_q","Vacation house"
"2007K1"," Sydjylland","-0.9","Pct_q","Vacation house"
"2007K1"," Østjylland","-5.9","Pct_q","Vacation house"
"2007K1"," Vestjylland","3.8","Pct_q","Vacation house"
"2007K1"," Nordjylland","0.0","Pct_q","Vacation house"
"2007K2","Hele landet","5.3","Pct_q","Vacation house"
"2007K2"," Byen København","0.0","Pct_q","Vacation house"
"2007K2"," Københavns omegn","0.0","Pct_q","Vacation house"
"2007K2"," Nordsjælland","4.5","Pct_q","Vacation house"
"2007K2"," Bornholm","20.7","Pct_q","Vacation house"
"2007K2"," Østsjælland","5.3","Pct_q","Vacation house"
"2007K2"," Vest- og Sydsjælland","2.9","Pct_q","Vacation house"
"2007K2"," Fyn","-0.8","Pct_q","Vacation house"
"2007K2"," Sydjylland","5.9","Pct_q","Vacation house"
"2007K2"," Østjylland","14.9","Pct_q","Vacation house"
"2007K2"," Vestjylland","6.3","Pct_q","Vacation house"
"2007K2"," Nordjylland","4.1","Pct_q","Vacation house"
"2007K3","Hele landet","-0.5","Pct_q","Vacation house"
"2007K3"," Byen København","0.0","Pct_q","Vacation house"
"2007K3"," Københavns omegn","0.0","Pct_q","Vacation house"
"2007K3"," Nordsjælland","-5.9","Pct_q","Vacation house"
"2007K3"," Bornholm","-12.0","Pct_q","Vacation house"
"2007K3"," Østsjælland","1.2","Pct_q","Vacation house"
"2007K3"," Vest- og Sydsjælland","0.9","Pct_q","Vacation house"
"2007K3"," Fyn","9.8","Pct_q","Vacation house"
"2007K3"," Sydjylland","0.9","Pct_q","Vacation house"
"2007K3"," Østjylland","3.3","Pct_q","Vacation house"
"2007K3"," Vestjylland","0.1","Pct_q","Vacation house"
"2007K3"," Nordjylland","1.6","Pct_q","Vacation house"
"2007K4","Hele landet","-1.1","Pct_q","Vacation house"
"2007K4"," Byen København","0.0","Pct_q","Vacation house"
"2007K4"," Københavns omegn","0.0","Pct_q","Vacation house"
"2007K4"," Nordsjælland","2.5","Pct_q","Vacation house"
"2007K4"," Bornholm","-5.4","Pct_q","Vacation house"
"2007K4"," Østsjælland","-6.7","Pct_q","Vacation house"
"2007K4"," Vest- og Sydsjælland","-3.1","Pct_q","Vacation house"
"2007K4"," Fyn","-7.7","Pct_q","Vacation house"
"2007K4"," Sydjylland","-0.3","Pct_q","Vacation house"
"2007K4"," Østjylland","-4.1","Pct_q","Vacation house"
"2007K4"," Vestjylland","-4.3","Pct_q","Vacation house"
"2007K4"," Nordjylland","0.5","Pct_q","Vacation house"
"2008K1","Hele landet","-3.3","Pct_q","Vacation house"
"2008K1"," Byen København","0.0","Pct_q","Vacation house"
"2008K1"," Københavns omegn","0.0","Pct_q","Vacation house"
"2008K1"," Nordsjælland","-7.1","Pct_q","Vacation house"
"2008K1"," Bornholm","37.5","Pct_q","Vacation house"
"2008K1"," Østsjælland","-3.0","Pct_q","Vacation house"
"2008K1"," Vest- og Sydsjælland","-6.3","Pct_q","Vacation house"
"2008K1"," Fyn","-10.9","Pct_q","Vacation house"
"2008K1"," Sydjylland","3.2","Pct_q","Vacation house"
"2008K1"," Østjylland","-1.6","Pct_q","Vacation house"
"2008K1"," Vestjylland","-1.0","Pct_q","Vacation house"
"2008K1"," Nordjylland","-2.3","Pct_q","Vacation house"
"2008K2","Hele landet","1.2","Pct_q","Vacation house"
"2008K2"," Byen København","0.0","Pct_q","Vacation house"
"2008K2"," Københavns omegn","0.0","Pct_q","Vacation house"
"2008K2"," Nordsjælland","2.3","Pct_q","Vacation house"
"2008K2"," Bornholm","11.0","Pct_q","Vacation house"
"2008K2"," Østsjælland","-7.5","Pct_q","Vacation house"
"2008K2"," Vest- og Sydsjælland","7.0","Pct_q","Vacation house"
"2008K2"," Fyn","7.8","Pct_q","Vacation house"
"2008K2"," Sydjylland","-3.6","Pct_q","Vacation house"
"2008K2"," Østjylland","0.3","Pct_q","Vacation house"
"2008K2"," Vestjylland","2.3","Pct_q","Vacation house"
"2008K2"," Nordjylland","-0.5","Pct_q","Vacation house"
"2008K3","Hele landet","0.6","Pct_q","Vacation house"
"2008K3"," Byen København","0.0","Pct_q","Vacation house"
"2008K3"," Københavns omegn","0.0","Pct_q","Vacation house"
"2008K3"," Nordsjælland","-4.7","Pct_q","Vacation house"
"2008K3"," Bornholm","8.5","Pct_q","Vacation house"
"2008K3"," Østsjælland","-7.9","Pct_q","Vacation house"
"2008K3"," Vest- og Sydsjælland","-3.2","Pct_q","Vacation house"
"2008K3"," Fyn","8.5","Pct_q","Vacation house"
"2008K3"," Sydjylland","3.3","Pct_q","Vacation house"
"2008K3"," Østjylland","1.6","Pct_q","Vacation house"
"2008K3"," Vestjylland","3.7","Pct_q","Vacation house"
"2008K3"," Nordjylland","5.4","Pct_q","Vacation house"
"2008K4","Hele landet","-11.8","Pct_q","Vacation house"
"2008K4"," Byen København","0.0","Pct_q","Vacation house"
"2008K4"," Københavns omegn","0.0","Pct_q","Vacation house"
"2008K4"," Nordsjælland","-14.0","Pct_q","Vacation house"
"2008K4"," Bornholm","-28.2","Pct_q","Vacation house"
"2008K4"," Østsjælland","-6.3","Pct_q","Vacation house"
"2008K4"," Vest- og Sydsjælland","-12.3","Pct_q","Vacation house"
"2008K4"," Fyn","-8.0","Pct_q","Vacation house"
"2008K4"," Sydjylland","-10.2","Pct_q","Vacation house"
"2008K4"," Østjylland","-13.3","Pct_q","Vacation house"
"2008K4"," Vestjylland","-10.3","Pct_q","Vacation house"
"2008K4"," Nordjylland","-5.2","Pct_q","Vacation house"
"2009K1","Hele landet","-7.1","Pct_q","Vacation house"
"2009K1"," Byen København","0.0","Pct_q","Vacation house"
"2009K1"," Københavns omegn","0.0","Pct_q","Vacation house"
"2009K1"," Nordsjælland","-11.0","Pct_q","Vacation house"
"2009K1"," Bornholm","-16.4","Pct_q","Vacation house"
"2009K1"," Østsjælland","-16.1","Pct_q","Vacation house"
"2009K1"," Vest- og Sydsjælland","-4.6","Pct_q","Vacation house"
"2009K1"," Fyn","-9.2","Pct_q","Vacation house"
"2009K1"," Sydjylland","-1.8","Pct_q","Vacation house"
"2009K1"," Østjylland","-3.7","Pct_q","Vacation house"
"2009K1"," Vestjylland","4.2","Pct_q","Vacation house"
"2009K1"," Nordjylland","-16.3","Pct_q","Vacation house"
"2009K2","Hele landet","5.0","Pct_q","Vacation house"
"2009K2"," Byen København","0.0","Pct_q","Vacation house"
"2009K2"," Københavns omegn","0.0","Pct_q","Vacation house"
"2009K2"," Nordsjælland","12.7","Pct_q","Vacation house"
"2009K2"," Bornholm","29.5","Pct_q","Vacation house"
"2009K2"," Østsjælland","8.1","Pct_q","Vacation house"
"2009K2"," Vest- og Sydsjælland","1.0","Pct_q","Vacation house"
"2009K2"," Fyn","9.7","Pct_q","Vacation house"
"2009K2"," Sydjylland","2.5","Pct_q","Vacation house"
"2009K2"," Østjylland","1.3","Pct_q","Vacation house"
"2009K2"," Vestjylland","1.8","Pct_q","Vacation house"
"2009K2"," Nordjylland","3.3","Pct_q","Vacation house"
"2009K3","Hele landet","1.1","Pct_q","Vacation house"
"2009K3"," Byen København","0.0","Pct_q","Vacation house"
"2009K3"," Københavns omegn","0.0","Pct_q","Vacation house"
"2009K3"," Nordsjælland","0.5","Pct_q","Vacation house"
"2009K3"," Bornholm","-0.8","Pct_q","Vacation house"
"2009K3"," Østsjælland","1.7","Pct_q","Vacation house"
"2009K3"," Vest- og Sydsjælland","1.3","Pct_q","Vacation house"
"2009K3"," Fyn","7.2","Pct_q","Vacation house"
"2009K3"," Sydjylland","0.4","Pct_q","Vacation house"
"2009K3"," Østjylland","-0.9","Pct_q","Vacation house"
"2009K3"," Vestjylland","-3.4","Pct_q","Vacation house"
"2009K3"," Nordjylland","5.0","Pct_q","Vacation house"
"2009K4","Hele landet","-1.6","Pct_q","Vacation house"
"2009K4"," Byen København","0.0","Pct_q","Vacation house"
"2009K4"," Københavns omegn","0.0","Pct_q","Vacation house"
"2009K4"," Nordsjælland","-1.7","Pct_q","Vacation house"
"2009K4"," Bornholm","-2.5","Pct_q","Vacation house"
"2009K4"," Østsjælland","-0.6","Pct_q","Vacation house"
"2009K4"," Vest- og Sydsjælland","-3.0","Pct_q","Vacation house"
"2009K4"," Fyn","-6.7","Pct_q","Vacation house"
"2009K4"," Sydjylland","4.0","Pct_q","Vacation house"
"2009K4"," Østjylland","-2.3","Pct_q","Vacation house"
"2009K4"," Vestjylland","-2.2","Pct_q","Vacation house"
"2009K4"," Nordjylland","-1.3","Pct_q","Vacation house"
"2010K1","Hele landet","-1.9","Pct_q","Vacation house"
"2010K1"," Byen København","0.0","Pct_q","Vacation house"
"2010K1"," Københavns omegn","0.0","Pct_q","Vacation house"
"2010K1"," Nordsjælland","-0.1","Pct_q","Vacation house"
"2010K1"," Bornholm","-3.5","Pct_q","Vacation house"
"2010K1"," Østsjælland","-15.1","Pct_q","Vacation house"
"2010K1"," Vest- og Sydsjælland","0.4","Pct_q","Vacation house"
"2010K1"," Fyn","-1.7","Pct_q","Vacation house"
"2010K1"," Sydjylland","-4.3","Pct_q","Vacation house"
"2010K1"," Østjylland","0.8","Pct_q","Vacation house"
"2010K1"," Vestjylland","-0.9","Pct_q","Vacation house"
"2010K1"," Nordjylland","-6.5","Pct_q","Vacation house"
"2010K2","Hele landet","4.1","Pct_q","Vacation house"
"2010K2"," Byen København","0.0","Pct_q","Vacation house"
"2010K2"," Københavns omegn","0.0","Pct_q","Vacation house"
"2010K2"," Nordsjælland","1.7","Pct_q","Vacation house"
"2010K2"," Bornholm","7.0","Pct_q","Vacation house"
"2010K2"," Østsjælland","6.3","Pct_q","Vacation house"
"2010K2"," Vest- og Sydsjælland","5.7","Pct_q","Vacation house"
"2010K2"," Fyn","3.1","Pct_q","Vacation house"
"2010K2"," Sydjylland","7.1","Pct_q","Vacation house"
"2010K2"," Østjylland","1.7","Pct_q","Vacation house"
"2010K2"," Vestjylland","5.2","Pct_q","Vacation house"
"2010K2"," Nordjylland","4.8","Pct_q","Vacation house"
"2010K3","Hele landet","-1.1","Pct_q","Vacation house"
"2010K3"," Byen København","0.0","Pct_q","Vacation house"
"2010K3"," Københavns omegn","0.0","Pct_q","Vacation house"
"2010K3"," Nordsjælland","-4.8","Pct_q","Vacation house"
"2010K3"," Bornholm","-10.1","Pct_q","Vacation house"
"2010K3"," Østsjælland","0.8","Pct_q","Vacation house"
"2010K3"," Vest- og Sydsjælland","-2.3","Pct_q","Vacation house"
"2010K3"," Fyn","1.8","Pct_q","Vacation house"
"2010K3"," Sydjylland","-0.9","Pct_q","Vacation house"
"2010K3"," Østjylland","-0.3","Pct_q","Vacation house"
"2010K3"," Vestjylland","2.4","Pct_q","Vacation house"
"2010K3"," Nordjylland","2.3","Pct_q","Vacation house"
"2010K4","Hele landet","-2.3","Pct_q","Vacation house"
"2010K4"," Byen København","0.0","Pct_q","Vacation house"
"2010K4"," Københavns omegn","0.0","Pct_q","Vacation house"
"2010K4"," Nordsjælland","3.0","Pct_q","Vacation house"
"2010K4"," Bornholm","2.2","Pct_q","Vacation house"
"2010K4"," Østsjælland","-11.7","Pct_q","Vacation house"
"2010K4"," Vest- og Sydsjælland","-5.2","Pct_q","Vacation house"
"2010K4"," Fyn","-2.7","Pct_q","Vacation house"
"2010K4"," Sydjylland","-6.3","Pct_q","Vacation house"
"2010K4"," Østjylland","-0.6","Pct_q","Vacation house"
"2010K4"," Vestjylland","-1.8","Pct_q","Vacation house"
"2010K4"," Nordjylland","-3.1","Pct_q","Vacation house"
"2011K1","Hele landet","-0.3","Pct_q","Vacation house"
"2011K1"," Byen København","0.0","Pct_q","Vacation house"
"2011K1"," Københavns omegn","0.0","Pct_q","Vacation house"
"2011K1"," Nordsjælland","5.4","Pct_q","Vacation house"
"2011K1"," Bornholm","2.4","Pct_q","Vacation house"
"2011K1"," Østsjælland","14.2","Pct_q","Vacation house"
"2011K1"," Vest- og Sydsjælland","-1.6","Pct_q","Vacation house"
"2011K1"," Fyn","-2.0","Pct_q","Vacation house"
"2011K1"," Sydjylland","-1.0","Pct_q","Vacation house"
"2011K1"," Østjylland","-1.0","Pct_q","Vacation house"
"2011K1"," Vestjylland","-4.5","Pct_q","Vacation house"
"2011K1"," Nordjylland","-3.8","Pct_q","Vacation house"
"2011K2","Hele landet","-2.7","Pct_q","Vacation house"
"2011K2"," Byen København","0.0","Pct_q","Vacation house"
"2011K2"," Københavns omegn","0.0","Pct_q","Vacation house"
"2011K2"," Nordsjælland","-7.9","Pct_q","Vacation house"
"2011K2"," Bornholm","-6.2","Pct_q","Vacation house"
"2011K2"," Østsjælland","6.7","Pct_q","Vacation house"
"2011K2"," Vest- og Sydsjælland","-0.1","Pct_q","Vacation house"
"2011K2"," Fyn","-3.3","Pct_q","Vacation house"
"2011K2"," Sydjylland","-1.7","Pct_q","Vacation house"
"2011K2"," Østjylland","-2.0","Pct_q","Vacation house"
"2011K2"," Vestjylland","-1.2","Pct_q","Vacation house"
"2011K2"," Nordjylland","-1.1","Pct_q","Vacation house"
"2011K3","Hele landet","-0.5","Pct_q","Vacation house"
"2011K3"," Byen København","0.0","Pct_q","Vacation house"
"2011K3"," Københavns omegn","0.0","Pct_q","Vacation house"
"2011K3"," Nordsjælland","-4.9","Pct_q","Vacation house"
"2011K3"," Bornholm","-12.7","Pct_q","Vacation house"
"2011K3"," Østsjælland","-22.2","Pct_q","Vacation house"
"2011K3"," Vest- og Sydsjælland","0.0","Pct_q","Vacation house"
"2011K3"," Fyn","5.1","Pct_q","Vacation house"
"2011K3"," Sydjylland","10.4","Pct_q","Vacation house"
"2011K3"," Østjylland","-4.5","Pct_q","Vacation house"
"2011K3"," Vestjylland","2.3","Pct_q","Vacation house"
"2011K3"," Nordjylland","-0.7","Pct_q","Vacation house"
"2011K4","Hele landet","-4.2","Pct_q","Vacation house"
"2011K4"," Byen København","0.0","Pct_q","Vacation house"
"2011K4"," Københavns omegn","0.0","Pct_q","Vacation house"
"2011K4"," Nordsjælland","-2.3","Pct_q","Vacation house"
"2011K4"," Bornholm","-1.0","Pct_q","Vacation house"
"2011K4"," Østsjælland","34.9","Pct_q","Vacation house"
"2011K4"," Vest- og Sydsjælland","-6.1","Pct_q","Vacation house"
"2011K4"," Fyn","-13.8","Pct_q","Vacation house"
"2011K4"," Sydjylland","-7.6","Pct_q","Vacation house"
"2011K4"," Østjylland","-8.6","Pct_q","Vacation house"
"2011K4"," Vestjylland","-3.2","Pct_q","Vacation house"
"2011K4"," Nordjylland","2.7","Pct_q","Vacation house"
"2012K1","Hele landet","-0.1","Pct_q","Vacation house"
"2012K1"," Byen København","0.0","Pct_q","Vacation house"
"2012K1"," Københavns omegn","0.0","Pct_q","Vacation house"
"2012K1"," Nordsjælland","-1.9","Pct_q","Vacation house"
"2012K1"," Bornholm","27.5","Pct_q","Vacation house"
"2012K1"," Østsjælland","-18.2","Pct_q","Vacation house"
"2012K1"," Vest- og Sydsjælland","-5.4","Pct_q","Vacation house"
"2012K1"," Fyn","12.6","Pct_q","Vacation house"
"2012K1"," Sydjylland","-1.2","Pct_q","Vacation house"
"2012K1"," Østjylland","12.5","Pct_q","Vacation house"
"2012K1"," Vestjylland","-4.1","Pct_q","Vacation house"
"2012K1"," Nordjylland","-1.0","Pct_q","Vacation house"
"2012K2","Hele landet","1.3","Pct_q","Vacation house"
"2012K2"," Byen København","0.0","Pct_q","Vacation house"
"2012K2"," Københavns omegn","0.0","Pct_q","Vacation house"
"2012K2"," Nordsjælland","5.6","Pct_q","Vacation house"
"2012K2"," Bornholm","-15.0","Pct_q","Vacation house"
"2012K2"," Østsjælland","1.8","Pct_q","Vacation house"
"2012K2"," Vest- og Sydsjælland","4.4","Pct_q","Vacation house"
"2012K2"," Fyn","-3.9","Pct_q","Vacation house"
"2012K2"," Sydjylland","2.6","Pct_q","Vacation house"
"2012K2"," Østjylland","-4.7","Pct_q","Vacation house"
"2012K2"," Vestjylland","3.4","Pct_q","Vacation house"
"2012K2"," Nordjylland","-3.6","Pct_q","Vacation house"
"2012K3","Hele landet","-0.6","Pct_q","Vacation house"
"2012K3"," Byen København","0.0","Pct_q","Vacation house"
"2012K3"," Københavns omegn","0.0","Pct_q","Vacation house"
"2012K3"," Nordsjælland","-1.0","Pct_q","Vacation house"
"2012K3"," Bornholm","-9.3","Pct_q","Vacation house"
"2012K3"," Østsjælland","-11.5","Pct_q","Vacation house"
"2012K3"," Vest- og Sydsjælland","-1.2","Pct_q","Vacation house"
"2012K3"," Fyn","-3.0","Pct_q","Vacation house"
"2012K3"," Sydjylland","-1.8","Pct_q","Vacation house"
"2012K3"," Østjylland","3.8","Pct_q","Vacation house"
"2012K3"," Vestjylland","-0.8","Pct_q","Vacation house"
"2012K3"," Nordjylland","1.3","Pct_q","Vacation house"
"2012K4","Hele landet","-2.4","Pct_q","Vacation house"
"2012K4"," Byen København","0.0","Pct_q","Vacation house"
"2012K4"," Københavns omegn","0.0","Pct_q","Vacation house"
"2012K4"," Nordsjælland","-0.1","Pct_q","Vacation house"
"2012K4"," Bornholm","-15.5","Pct_q","Vacation house"
"2012K4"," Østsjælland","2.8","Pct_q","Vacation house"
"2012K4"," Vest- og Sydsjælland","-1.0","Pct_q","Vacation house"
"2012K4"," Fyn","0.0","Pct_q","Vacation house"
"2012K4"," Sydjylland","-7.5","Pct_q","Vacation house"
"2012K4"," Østjylland","-2.6","Pct_q","Vacation house"
"2012K4"," Vestjylland","-7.3","Pct_q","Vacation house"
"2012K4"," Nordjylland","-1.2","Pct_q","Vacation house"
"2013K1","Hele landet","-2.7","Pct_q","Vacation house"
"2013K1"," Byen København","0.0","Pct_q","Vacation house"
"2013K1"," Københavns omegn","0.0","Pct_q","Vacation house"
"2013K1"," Nordsjælland","-3.8","Pct_q","Vacation house"
"2013K1"," Bornholm","-9.7","Pct_q","Vacation house"
"2013K1"," Østsjælland","-9.7","Pct_q","Vacation house"
"2013K1"," Vest- og Sydsjælland","-5.8","Pct_q","Vacation house"
"2013K1"," Fyn","2.9","Pct_q","Vacation house"
"2013K1"," Sydjylland","-3.3","Pct_q","Vacation house"
"2013K1"," Østjylland","-6.6","Pct_q","Vacation house"
"2013K1"," Vestjylland","4.7","Pct_q","Vacation house"
"2013K1"," Nordjylland","-0.4","Pct_q","Vacation house"
"2013K2","Hele landet","5.5","Pct_q","Vacation house"
"2013K2"," Byen København","0.0","Pct_q","Vacation house"
"2013K2"," Københavns omegn","0.0","Pct_q","Vacation house"
"2013K2"," Nordsjælland","3.7","Pct_q","Vacation house"
"2013K2"," Bornholm","40.7","Pct_q","Vacation house"
"2013K2"," Østsjælland","7.0","Pct_q","Vacation house"
"2013K2"," Vest- og Sydsjælland","5.3","Pct_q","Vacation house"
"2013K2"," Fyn","-1.1","Pct_q","Vacation house"
"2013K2"," Sydjylland","6.6","Pct_q","Vacation house"
"2013K2"," Østjylland","6.8","Pct_q","Vacation house"
"2013K2"," Vestjylland","14.3","Pct_q","Vacation house"
"2013K2"," Nordjylland","3.5","Pct_q","Vacation house"
"2013K3","Hele landet","-0.7","Pct_q","Vacation house"
"2013K3"," Byen København","0.0","Pct_q","Vacation house"
"2013K3"," Københavns omegn","0.0","Pct_q","Vacation house"
"2013K3"," Nordsjælland","-0.9","Pct_q","Vacation house"
"2013K3"," Bornholm","-8.6","Pct_q","Vacation house"
"2013K3"," Østsjælland","-0.4","Pct_q","Vacation house"
"2013K3"," Vest- og Sydsjælland","3.1","Pct_q","Vacation house"
"2013K3"," Fyn","-2.4","Pct_q","Vacation house"
"2013K3"," Sydjylland","-0.7","Pct_q","Vacation house"
"2013K3"," Østjylland","0.8","Pct_q","Vacation house"
"2013K3"," Vestjylland","-9.9","Pct_q","Vacation house"
"2013K3"," Nordjylland","0.8","Pct_q","Vacation house"
"2013K4","Hele landet","-2.2","Pct_q","Vacation house"
"2013K4"," Byen København","0.0","Pct_q","Vacation house"
"2013K4"," Københavns omegn","0.0","Pct_q","Vacation house"
"2013K4"," Nordsjælland","-1.7","Pct_q","Vacation house"
"2013K4"," Bornholm","7.7","Pct_q","Vacation house"
"2013K4"," Østsjælland","-0.6","Pct_q","Vacation house"
"2013K4"," Vest- og Sydsjælland","-0.7","Pct_q","Vacation house"
"2013K4"," Fyn","-10.1","Pct_q","Vacation house"
"2013K4"," Sydjylland","-5.6","Pct_q","Vacation house"
"2013K4"," Østjylland","0.4","Pct_q","Vacation house"
"2013K4"," Vestjylland","-1.8","Pct_q","Vacation house"
"2013K4"," Nordjylland","-5.0","Pct_q","Vacation house"
"2014K1","Hele landet","-1.8","Pct_q","Vacation house"
"2014K1"," Byen København","0.0","Pct_q","Vacation house"
"2014K1"," Københavns omegn","0.0","Pct_q","Vacation house"
"2014K1"," Nordsjælland","2.9","Pct_q","Vacation house"
"2014K1"," Bornholm","-22.2","Pct_q","Vacation house"
"2014K1"," Østsjælland","1.1","Pct_q","Vacation house"
"2014K1"," Vest- og Sydsjælland","-2.2","Pct_q","Vacation house"
"2014K1"," Fyn","7.8","Pct_q","Vacation house"
"2014K1"," Sydjylland","-1.5","Pct_q","Vacation house"
"2014K1"," Østjylland","-1.5","Pct_q","Vacation house"
"2014K1"," Vestjylland","-2.9","Pct_q","Vacation house"
"2014K1"," Nordjylland","-7.4","Pct_q","Vacation house"
"2014K2","Hele landet","4.7","Pct_q","Vacation house"
"2014K2"," Byen København","0.0","Pct_q","Vacation house"
"2014K2"," Københavns omegn","0.0","Pct_q","Vacation house"
"2014K2"," Nordsjælland","-0.4","Pct_q","Vacation house"
"2014K2"," Bornholm","36.8","Pct_q","Vacation house"
"2014K2"," Østsjælland","3.2","Pct_q","Vacation house"
"2014K2"," Vest- og Sydsjælland","3.2","Pct_q","Vacation house"
"2014K2"," Fyn","4.3","Pct_q","Vacation house"
"2014K2"," Sydjylland","9.7","Pct_q","Vacation house"
"2014K2"," Østjylland","5.8","Pct_q","Vacation house"
"2014K2"," Vestjylland","4.4","Pct_q","Vacation house"
"2014K2"," Nordjylland","9.8","Pct_q","Vacation house"
"2014K3","Hele landet","-1.5","Pct_q","Vacation house"
"2014K3"," Byen København","0.0","Pct_q","Vacation house"
"2014K3"," Københavns omegn","0.0","Pct_q","Vacation house"
"2014K3"," Nordsjælland","3.1","Pct_q","Vacation house"
"2014K3"," Bornholm","-10.4","Pct_q","Vacation house"
"2014K3"," Østsjælland","15.7","Pct_q","Vacation house"
"2014K3"," Vest- og Sydsjælland","-0.9","Pct_q","Vacation house"
"2014K3"," Fyn","-6.5","Pct_q","Vacation house"
"2014K3"," Sydjylland","-5.2","Pct_q","Vacation house"
"2014K3"," Østjylland","-5.3","Pct_q","Vacation house"
"2014K3"," Vestjylland","-2.0","Pct_q","Vacation house"
"2014K3"," Nordjylland","-3.3","Pct_q","Vacation house"
"2014K4","Hele landet","0.8","Pct_q","Vacation house"
"2014K4"," Byen København","0.0","Pct_q","Vacation house"
"2014K4"," Københavns omegn","0.0","Pct_q","Vacation house"
"2014K4"," Nordsjælland","-0.8","Pct_q","Vacation house"
"2014K4"," Bornholm","-2.3","Pct_q","Vacation house"
"2014K4"," Østsjælland","1.4","Pct_q","Vacation house"
"2014K4"," Vest- og Sydsjælland","-1.0","Pct_q","Vacation house"
"2014K4"," Fyn","6.0","Pct_q","Vacation house"
"2014K4"," Sydjylland","6.4","Pct_q","Vacation house"
"2014K4"," Østjylland","0.5","Pct_q","Vacation house"
"2014K4"," Vestjylland","1.2","Pct_q","Vacation house"
"2014K4"," Nordjylland","0.2","Pct_q","Vacation house"
"2015K1","Hele landet","-1.3","Pct_q","Vacation house"
"2015K1"," Byen København","0.0","Pct_q","Vacation house"
"2015K1"," Københavns omegn","0.0","Pct_q","Vacation house"
"2015K1"," Nordsjælland","2.5","Pct_q","Vacation house"
"2015K1"," Bornholm","-12.6","Pct_q","Vacation house"
"2015K1"," Østsjælland","-8.8","Pct_q","Vacation house"
"2015K1"," Vest- og Sydsjælland","-0.6","Pct_q","Vacation house"
"2015K1"," Fyn","-9.5","Pct_q","Vacation house"
"2015K1"," Sydjylland","-2.4","Pct_q","Vacation house"
"2015K1"," Østjylland","-4.4","Pct_q","Vacation house"
"2015K1"," Vestjylland","-0.1","Pct_q","Vacation house"
"2015K1"," Nordjylland","-0.4","Pct_q","Vacation house"
"2015K2","Hele landet","2.8","Pct_q","Vacation house"
"2015K2"," Byen København","0.0","Pct_q","Vacation house"
"2015K2"," Københavns omegn","0.0","Pct_q","Vacation house"
"2015K2"," Nordsjælland","4.2","Pct_q","Vacation house"
"2015K2"," Bornholm","1.9","Pct_q","Vacation house"
"2015K2"," Østsjælland","-6.3","Pct_q","Vacation house"
"2015K2"," Vest- og Sydsjælland","6.1","Pct_q","Vacation house"
"2015K2"," Fyn","12.9","Pct_q","Vacation house"
"2015K2"," Sydjylland","-2.3","Pct_q","Vacation house"
"2015K2"," Østjylland","0.6","Pct_q","Vacation house"
"2015K2"," Vestjylland","4.1","Pct_q","Vacation house"
"2015K2"," Nordjylland","-2.7","Pct_q","Vacation house"
"2015K3","Hele landet","0.1","Pct_q","Vacation house"
"2015K3"," Byen København","0.0","Pct_q","Vacation house"
"2015K3"," Københavns omegn","0.0","Pct_q","Vacation house"
"2015K3"," Nordsjælland","1.6","Pct_q","Vacation house"
"2015K3"," Bornholm","0.1","Pct_q","Vacation house"
"2015K3"," Østsjælland","10.3","Pct_q","Vacation house"
"2015K3"," Vest- og Sydsjælland","-0.1","Pct_q","Vacation house"
"2015K3"," Fyn","-5.5","Pct_q","Vacation house"
"2015K3"," Sydjylland","3.3","Pct_q","Vacation house"
"2015K3"," Østjylland","0.6","Pct_q","Vacation house"
"2015K3"," Vestjylland","-5.6","Pct_q","Vacation house"
"2015K3"," Nordjylland","-2.3","Pct_q","Vacation house"
"2015K4","Hele landet","-3.6","Pct_q","Vacation house"
"2015K4"," Byen København","0.0","Pct_q","Vacation house"
"2015K4"," Københavns omegn","0.0","Pct_q","Vacation house"
"2015K4"," Nordsjælland","-9.5","Pct_q","Vacation house"
"2015K4"," Bornholm","18.4","Pct_q","Vacation house"
"2015K4"," Østsjælland","1.8","Pct_q","Vacation house"
"2015K4"," Vest- og Sydsjælland","-5.5","Pct_q","Vacation house"
"2015K4"," Fyn","-3.3","Pct_q","Vacation house"
"2015K4"," Sydjylland","-5.6","Pct_q","Vacation house"
"2015K4"," Østjylland","0.9","Pct_q","Vacation house"
"2015K4"," Vestjylland","3.1","Pct_q","Vacation house"
"2015K4"," Nordjylland","3.5","Pct_q","Vacation house"
"2016K1","Hele landet","1.0","Pct_q","Vacation house"
"2016K1"," Byen København","0.0","Pct_q","Vacation house"
"2016K1"," Københavns omegn","0.0","Pct_q","Vacation house"
"2016K1"," Nordsjælland","5.0","Pct_q","Vacation house"
"2016K1"," Bornholm","-9.1","Pct_q","Vacation house"
"2016K1"," Østsjælland","7.9","Pct_q","Vacation house"
"2016K1"," Vest- og Sydsjælland","6.4","Pct_q","Vacation house"
"2016K1"," Fyn","4.8","Pct_q","Vacation house"
"2016K1"," Sydjylland","-2.1","Pct_q","Vacation house"
"2016K1"," Østjylland","-4.0","Pct_q","Vacation house"
"2016K1"," Vestjylland","-7.2","Pct_q","Vacation house"
"2016K1"," Nordjylland","2.7","Pct_q","Vacation house"
"2016K2","Hele landet","3.5","Pct_q","Vacation house"
"2016K2"," Byen København","0.0","Pct_q","Vacation house"
"2016K2"," Københavns omegn","0.0","Pct_q","Vacation house"
"2016K2"," Nordsjælland","7.2","Pct_q","Vacation house"
"2016K2"," Bornholm","0.6","Pct_q","Vacation house"
"2016K2"," Østsjælland","-0.6","Pct_q","Vacation house"
"2016K2"," Vest- og Sydsjælland","0.0","Pct_q","Vacation house"
"2016K2"," Fyn","1.1","Pct_q","Vacation house"
"2016K2"," Sydjylland","8.6","Pct_q","Vacation house"
"2016K2"," Østjylland","8.7","Pct_q","Vacation house"
"2016K2"," Vestjylland","3.0","Pct_q","Vacation house"
"2016K2"," Nordjylland","-6.9","Pct_q","Vacation house"
"2016K3","Hele landet","1.8","Pct_q","Vacation house"
"2016K3"," Byen København","0.0","Pct_q","Vacation house"
"2016K3"," Københavns omegn","0.0","Pct_q","Vacation house"
"2016K3"," Nordsjælland","1.4","Pct_q","Vacation house"
"2016K3"," Bornholm","-0.5","Pct_q","Vacation house"
"2016K3"," Østsjælland","4.0","Pct_q","Vacation house"
"2016K3"," Vest- og Sydsjælland","2.6","Pct_q","Vacation house"
"2016K3"," Fyn","-4.6","Pct_q","Vacation house"
"2016K3"," Sydjylland","-0.4","Pct_q","Vacation house"
"2016K3"," Østjylland","-1.7","Pct_q","Vacation house"
"2016K3"," Vestjylland","-0.4","Pct_q","Vacation house"
"2016K3"," Nordjylland","9.3","Pct_q","Vacation house"
"2016K4","Hele landet","-1.2","Pct_q","Vacation house"
"2016K4"," Byen København","0.0","Pct_q","Vacation house"
"2016K4"," Københavns omegn","0.0","Pct_q","Vacation house"
"2016K4"," Nordsjælland","1.0","Pct_q","Vacation house"
"2016K4"," Bornholm","7.0","Pct_q","Vacation house"
"2016K4"," Østsjælland","-8.3","Pct_q","Vacation house"
"2016K4"," Vest- og Sydsjælland","-0.8","Pct_q","Vacation house"
"2016K4"," Fyn","5.0","Pct_q","Vacation house"
"2016K4"," Sydjylland","2.3","Pct_q","Vacation house"
"2016K4"," Østjylland","0.2","Pct_q","Vacation house"
"2016K4"," Vestjylland","1.5","Pct_q","Vacation house"
"2016K4"," Nordjylland","-7.2","Pct_q","Vacation house"
"2017K1","Hele landet","1.1","Pct_q","Vacation house"
"2017K1"," Byen København","0.0","Pct_q","Vacation house"
"2017K1"," Københavns omegn","0.0","Pct_q","Vacation house"
"2017K1"," Nordsjælland","3.7","Pct_q","Vacation house"
"2017K1"," Bornholm","-6.4","Pct_q","Vacation house"
"2017K1"," Østsjælland","3.6","Pct_q","Vacation house"
"2017K1"," Vest- og Sydsjælland","-2.4","Pct_q","Vacation house"
"2017K1"," Fyn","-2.5","Pct_q","Vacation house"
"2017K1"," Sydjylland","-1.6","Pct_q","Vacation house"
"2017K1"," Østjylland","-1.3","Pct_q","Vacation house"
"2017K1"," Vestjylland","2.9","Pct_q","Vacation house"
"2017K1"," Nordjylland","2.7","Pct_q","Vacation house"
"2017K2","Hele landet","3.2","Pct_q","Vacation house"
"2017K2"," Byen København","0.0","Pct_q","Vacation house"
"2017K2"," Københavns omegn","0.0","Pct_q","Vacation house"
"2017K2"," Nordsjælland","2.0","Pct_q","Vacation house"
"2017K2"," Bornholm","7.9","Pct_q","Vacation house"
"2017K2"," Østsjælland","9.2","Pct_q","Vacation house"
"2017K2"," Vest- og Sydsjælland","6.6","Pct_q","Vacation house"
"2017K2"," Fyn","3.8","Pct_q","Vacation house"
"2017K2"," Sydjylland","2.5","Pct_q","Vacation house"
"2017K2"," Østjylland","3.2","Pct_q","Vacation house"
"2017K2"," Vestjylland","0.4","Pct_q","Vacation house"
"2017K2"," Nordjylland","3.1","Pct_q","Vacation house"
"2017K3","Hele landet","0.7","Pct_q","Vacation house"
"2017K3"," Byen København","0.0","Pct_q","Vacation house"
"2017K3"," Københavns omegn","0.0","Pct_q","Vacation house"
"2017K3"," Nordsjælland","0.5","Pct_q","Vacation house"
"2017K3"," Bornholm","11.0","Pct_q","Vacation house"
"2017K3"," Østsjælland","-3.3","Pct_q","Vacation house"
"2017K3"," Vest- og Sydsjælland","0.0","Pct_q","Vacation house"
"2017K3"," Fyn","3.2","Pct_q","Vacation house"
"2017K3"," Sydjylland","-0.5","Pct_q","Vacation house"
"2017K3"," Østjylland","1.8","Pct_q","Vacation house"
"2017K3"," Vestjylland","-1.4","Pct_q","Vacation house"
"2017K3"," Nordjylland","0.1","Pct_q","Vacation house"
"2017K4","Hele landet","-3.1","Pct_q","Vacation house"
"2017K4"," Byen København","0.0","Pct_q","Vacation house"
"2017K4"," Københavns omegn","0.0","Pct_q","Vacation house"
"2017K4"," Nordsjælland","-4.8","Pct_q","Vacation house"
"2017K4"," Bornholm","-17.0","Pct_q","Vacation house"
"2017K4"," Østsjælland","4.7","Pct_q","Vacation house"
"2017K4"," Vest- og Sydsjælland","-1.6","Pct_q","Vacation house"
"2017K4"," Fyn","-4.2","Pct_q","Vacation house"
"2017K4"," Sydjylland","-3.8","Pct_q","Vacation house"
"2017K4"," Østjylland","-1.0","Pct_q","Vacation house"
"2017K4"," Vestjylland","1.6","Pct_q","Vacation house"
"2017K4"," Nordjylland","-0.4","Pct_q","Vacation house"
"2018K1","Hele landet","2.4","Pct_q","Vacation house"
"2018K1"," Byen København","0.0","Pct_q","Vacation house"
"2018K1"," Københavns omegn","0.0","Pct_q","Vacation house"
"2018K1"," Nordsjælland","1.2","Pct_q","Vacation house"
"2018K1"," Bornholm","5.3","Pct_q","Vacation house"
"2018K1"," Østsjælland","5.8","Pct_q","Vacation house"
"2018K1"," Vest- og Sydsjælland","1.9","Pct_q","Vacation house"
"2018K1"," Fyn","-0.8","Pct_q","Vacation house"
"2018K1"," Sydjylland","5.8","Pct_q","Vacation house"
"2018K1"," Østjylland","3.2","Pct_q","Vacation house"
"2018K1"," Vestjylland","2.0","Pct_q","Vacation house"
"2018K1"," Nordjylland","-0.6","Pct_q","Vacation house"
"2018K2","Hele landet","5.4","Pct_q","Vacation house"
"2018K2"," Byen København","0.0","Pct_q","Vacation house"
"2018K2"," Københavns omegn","0.0","Pct_q","Vacation house"
"2018K2"," Nordsjælland","10.3","Pct_q","Vacation house"
"2018K2"," Bornholm","18.6","Pct_q","Vacation house"
"2018K2"," Østsjælland","0.6","Pct_q","Vacation house"
"2018K2"," Vest- og Sydsjælland","4.4","Pct_q","Vacation house"
"2018K2"," Fyn","7.5","Pct_q","Vacation house"
"2018K2"," Sydjylland","5.7","Pct_q","Vacation house"
"2018K2"," Østjylland","0.6","Pct_q","Vacation house"
"2018K2"," Vestjylland","1.2","Pct_q","Vacation house"
"2018K2"," Nordjylland","4.5","Pct_q","Vacation house"
"2018K3","Hele landet","0.3","Pct_q","Vacation house"
"2018K3"," Byen København","0.0","Pct_q","Vacation house"
"2018K3"," Københavns omegn","0.0","Pct_q","Vacation house"
"2018K3"," Nordsjælland","-0.4","Pct_q","Vacation house"
"2018K3"," Bornholm","-0.4","Pct_q","Vacation house"
"2018K3"," Østsjælland","2.2","Pct_q","Vacation house"
"2018K3"," Vest- og Sydsjælland","0.1","Pct_q","Vacation house"
"2018K3"," Fyn","1.9","Pct_q","Vacation house"
"2018K3"," Sydjylland","-1.3","Pct_q","Vacation house"
"2018K3"," Østjylland","4.6","Pct_q","Vacation house"
"2018K3"," Vestjylland","0.5","Pct_q","Vacation house"
"2018K3"," Nordjylland","-2.3","Pct_q","Vacation house"
"2018K4","Hele landet","-3.2","Pct_q","Vacation house"
"2018K4"," Byen København","0.0","Pct_q","Vacation house"
"2018K4"," Københavns omegn","0.0","Pct_q","Vacation house"
"2018K4"," Nordsjælland","-4.1","Pct_q","Vacation house"
"2018K4"," Bornholm","6.7","Pct_q","Vacation house"
"2018K4"," Østsjælland","8.3","Pct_q","Vacation house"
"2018K4"," Vest- og Sydsjælland","-3.3","Pct_q","Vacation house"
"2018K4"," Fyn","-6.6","Pct_q","Vacation house"
"2018K4"," Sydjylland","-5.8","Pct_q","Vacation house"
"2018K4"," Østjylland","-2.5","Pct_q","Vacation house"
"2018K4"," Vestjylland","-2.0","Pct_q","Vacation house"
"2018K4"," Nordjylland","-0.7","Pct_q","Vacation house"
"2019K1","Hele landet","0.7","Pct_q","Vacation house"
"2019K1"," Byen København","0.0","Pct_q","Vacation house"
"2019K1"," Københavns omegn","0.0","Pct_q","Vacation house"
"2019K1"," Nordsjælland","1.8","Pct_q","Vacation house"
"2019K1"," Bornholm","-3.2","Pct_q","Vacation house"
"2019K1"," Østsjælland","-9.7","Pct_q","Vacation house"
"2019K1"," Vest- og Sydsjælland","2.4","Pct_q","Vacation house"
"2019K1"," Fyn","8.2","Pct_q","Vacation house"
"2019K1"," Sydjylland","2.0","Pct_q","Vacation house"
"2019K1"," Østjylland","-1.3","Pct_q","Vacation house"
"2019K1"," Vestjylland","0.8","Pct_q","Vacation house"
"2019K1"," Nordjylland","0.2","Pct_q","Vacation house"
"2019K2","Hele landet","5.8","Pct_q","Vacation house"
"2019K2"," Byen København","0.0","Pct_q","Vacation house"
"2019K2"," Københavns omegn","0.0","Pct_q","Vacation house"
"2019K2"," Nordsjælland","11.3","Pct_q","Vacation house"
"2019K2"," Bornholm","-0.2","Pct_q","Vacation house"
"2019K2"," Østsjælland","1.3","Pct_q","Vacation house"
"2019K2"," Vest- og Sydsjælland","6.1","Pct_q","Vacation house"
"2019K2"," Fyn","0.5","Pct_q","Vacation house"
"2019K2"," Sydjylland","2.6","Pct_q","Vacation house"
"2019K2"," Østjylland","3.5","Pct_q","Vacation house"
"2019K2"," Vestjylland","0.6","Pct_q","Vacation house"
"2019K2"," Nordjylland","6.6","Pct_q","Vacation house"
"2019K3","Hele landet","-1.3","Pct_q","Vacation house"
"2019K3"," Byen København","0.0","Pct_q","Vacation house"
"2019K3"," Københavns omegn","0.0","Pct_q","Vacation house"
"2019K3"," Nordsjælland","-5.7","Pct_q","Vacation house"
"2019K3"," Bornholm","-4.6","Pct_q","Vacation house"
"2019K3"," Østsjælland","4.4","Pct_q","Vacation house"
"2019K3"," Vest- og Sydsjælland","0.1","Pct_q","Vacation house"
"2019K3"," Fyn","6.3","Pct_q","Vacation house"
"2019K3"," Sydjylland","2.2","Pct_q","Vacation house"
"2019K3"," Østjylland","-0.8","Pct_q","Vacation house"
"2019K3"," Vestjylland","0.9","Pct_q","Vacation house"
"2019K3"," Nordjylland","-1.6","Pct_q","Vacation house"
"2019K4","Hele landet","-2.1","Pct_q","Vacation house"
"2019K4"," Byen København","0.0","Pct_q","Vacation house"
"2019K4"," Københavns omegn","0.0","Pct_q","Vacation house"
"2019K4"," Nordsjælland","-4.3","Pct_q","Vacation house"
"2019K4"," Bornholm","2.4","Pct_q","Vacation house"
"2019K4"," Østsjælland","-6.7","Pct_q","Vacation house"
"2019K4"," Vest- og Sydsjælland","-2.5","Pct_q","Vacation house"
"2019K4"," Fyn","-11.3","Pct_q","Vacation house"
"2019K4"," Sydjylland","-0.4","Pct_q","Vacation house"
"2019K4"," Østjylland","0.6","Pct_q","Vacation house"
"2019K4"," Vestjylland","2.0","Pct_q","Vacation house"
"2019K4"," Nordjylland","-0.7","Pct_q","Vacation house"
"2020K1","Hele landet","1.8","Pct_q","Vacation house"
"2020K1"," Byen København","0.0","Pct_q","Vacation house"
"2020K1"," Københavns omegn","0.0","Pct_q","Vacation house"
"2020K1"," Nordsjælland","0.4","Pct_q","Vacation house"
"2020K1"," Bornholm","3.4","Pct_q","Vacation house"
"2020K1"," Østsjælland","-2.1","Pct_q","Vacation house"
"2020K1"," Vest- og Sydsjælland","3.0","Pct_q","Vacation house"
"2020K1"," Fyn","2.4","Pct_q","Vacation house"
"2020K1"," Sydjylland","-0.3","Pct_q","Vacation house"
"2020K1"," Østjylland","3.0","Pct_q","Vacation house"
"2020K1"," Vestjylland","1.1","Pct_q","Vacation house"
"2020K1"," Nordjylland","2.9","Pct_q","Vacation house"
"2020K2","Hele landet","6.2","Pct_q","Vacation house"
"2020K2"," Byen København","0.0","Pct_q","Vacation house"
"2020K2"," Københavns omegn","0.0","Pct_q","Vacation house"
"2020K2"," Nordsjælland","14.7","Pct_q","Vacation house"
"2020K2"," Bornholm","11.7","Pct_q","Vacation house"
"2020K2"," Østsjælland","19.3","Pct_q","Vacation house"
"2020K2"," Vest- og Sydsjælland","6.5","Pct_q","Vacation house"
"2020K2"," Fyn","6.5","Pct_q","Vacation house"
"2020K2"," Sydjylland","6.3","Pct_q","Vacation house"
"2020K2"," Østjylland","0.0","Pct_q","Vacation house"
"2020K2"," Vestjylland","0.8","Pct_q","Vacation house"
"2020K2"," Nordjylland","0.7","Pct_q","Vacation house"
"2020K3","Hele landet","3.6","Pct_q","Vacation house"
"2020K3"," Byen København","0.0","Pct_q","Vacation house"
"2020K3"," Københavns omegn","0.0","Pct_q","Vacation house"
"2020K3"," Nordsjælland","2.4","Pct_q","Vacation house"
"2020K3"," Bornholm","1.5","Pct_q","Vacation house"
"2020K3"," Østsjælland","-10.2","Pct_q","Vacation house"
"2020K3"," Vest- og Sydsjælland","5.8","Pct_q","Vacation house"
"2020K3"," Fyn","4.7","Pct_q","Vacation house"
"2020K3"," Sydjylland","3.1","Pct_q","Vacation house"
"2020K3"," Østjylland","4.8","Pct_q","Vacation house"
"2020K3"," Vestjylland","6.0","Pct_q","Vacation house"
"2020K3"," Nordjylland","4.0","Pct_q","Vacation house"
"2020K4","Hele landet","2.5","Pct_q","Vacation house"
"2020K4"," Byen København","0.0","Pct_q","Vacation house"
"2020K4"," Københavns omegn","0.0","Pct_q","Vacation house"
"2020K4"," Nordsjælland","3.1","Pct_q","Vacation house"
"2020K4"," Bornholm","5.0","Pct_q","Vacation house"
"2020K4"," Østsjælland","2.5","Pct_q","Vacation house"
"2020K4"," Vest- og Sydsjælland","2.2","Pct_q","Vacation house"
"2020K4"," Fyn","2.7","Pct_q","Vacation house"
"2020K4"," Sydjylland","2.3","Pct_q","Vacation house"
"2020K4"," Østjylland","1.3","Pct_q","Vacation house"
"2020K4"," Vestjylland","-0.5","Pct_q","Vacation house"
"2020K4"," Nordjylland","3.2","Pct_q","Vacation house"
"2021K1","Hele landet","4.0","Pct_q","Vacation house"
"2021K1"," Byen København","0.0","Pct_q","Vacation house"
"2021K1"," Københavns omegn","0.0","Pct_q","Vacation house"
"2021K1"," Nordsjælland","6.2","Pct_q","Vacation house"
"2021K1"," Bornholm","-3.2","Pct_q","Vacation house"
"2021K1"," Østsjælland","11.4","Pct_q","Vacation house"
"2021K1"," Vest- og Sydsjælland","10.0","Pct_q","Vacation house"
"2021K1"," Fyn","5.1","Pct_q","Vacation house"
"2021K1"," Sydjylland","1.9","Pct_q","Vacation house"
"2021K1"," Østjylland","5.4","Pct_q","Vacation house"
"2021K1"," Vestjylland","8.6","Pct_q","Vacation house"
"2021K1"," Nordjylland","2.2","Pct_q","Vacation house"
"2021K2","Hele landet","7.9","Pct_q","Vacation house"
"2021K2"," Byen København","0.0","Pct_q","Vacation house"
"2021K2"," Københavns omegn","0.0","Pct_q","Vacation house"
"2021K2"," Nordsjælland","5.7","Pct_q","Vacation house"
"2021K2"," Bornholm","17.0","Pct_q","Vacation house"
"2021K2"," Østsjælland","11.6","Pct_q","Vacation house"
"2021K2"," Vest- og Sydsjælland","5.6","Pct_q","Vacation house"
"2021K2"," Fyn","5.9","Pct_q","Vacation house"
"2021K2"," Sydjylland","8.0","Pct_q","Vacation house"
"2021K2"," Østjylland","10.8","Pct_q","Vacation house"
"2021K2"," Vestjylland","4.9","Pct_q","Vacation house"
"2021K2"," Nordjylland","7.4","Pct_q","Vacation house"
"2021K3","Hele landet","0.6","Pct_q","Vacation house"
"2021K3"," Byen København","0.0","Pct_q","Vacation house"
"2021K3"," Københavns omegn","0.0","Pct_q","Vacation house"
"2021K3"," Nordsjælland","-1.2","Pct_q","Vacation house"
"2021K3"," Bornholm","-3.7","Pct_q","Vacation house"
"2021K3"," Østsjælland","0.7","Pct_q","Vacation house"
"2021K3"," Vest- og Sydsjælland","1.1","Pct_q","Vacation house"
"2021K3"," Fyn","-1.0","Pct_q","Vacation house"
"2021K3"," Sydjylland","-0.9","Pct_q","Vacation house"
"2021K3"," Østjylland","2.1","Pct_q","Vacation house"
"2021K3"," Vestjylland","-2.5","Pct_q","Vacation house"
"2021K3"," Nordjylland","-1.1","Pct_q","Vacation house"
"2021K4","Hele landet","-1.3","Pct_q","Vacation house"
"2021K4"," Byen København","0.0","Pct_q","Vacation house"
"2021K4"," Københavns omegn","0.0","Pct_q","Vacation house"
"2021K4"," Nordsjælland","-0.8","Pct_q","Vacation house"
"2021K4"," Bornholm","-5.9","Pct_q","Vacation house"
"2021K4"," Østsjælland","-4.8","Pct_q","Vacation house"
"2021K4"," Vest- og Sydsjælland","1.4","Pct_q","Vacation house"
"2021K4"," Fyn","3.6","Pct_q","Vacation house"
"2021K4"," Sydjylland","-0.8","Pct_q","Vacation house"
"2021K4"," Østjylland","-8.4","Pct_q","Vacation house"
"2021K4"," Vestjylland","-1.9","Pct_q","Vacation house"
"2021K4"," Nordjylland","2.9","Pct_q","Vacation house"
"2022K1","Hele landet","1.6","Pct_q","Vacation house"
"2022K1"," Byen København","0.0","Pct_q","Vacation house"
"2022K1"," Københavns omegn","0.0","Pct_q","Vacation house"
"2022K1"," Nordsjælland","-0.6","Pct_q","Vacation house"
"2022K1"," Bornholm","8.4","Pct_q","Vacation house"
"2022K1"," Østsjælland","2.6","Pct_q","Vacation house"
"2022K1"," Vest- og Sydsjælland","1.7","Pct_q","Vacation house"
"2022K1"," Fyn","0.5","Pct_q","Vacation house"
"2022K1"," Sydjylland","-0.5","Pct_q","Vacation house"
"2022K1"," Østjylland","11.4","Pct_q","Vacation house"
"2022K1"," Vestjylland","6.5","Pct_q","Vacation house"
"2022K1"," Nordjylland","-0.5","Pct_q","Vacation house"
"2022K2","Hele landet","3.7","Pct_q","Vacation house"
"2022K2"," Byen København","0.0","Pct_q","Vacation house"
"2022K2"," Københavns omegn","0.0","Pct_q","Vacation house"
"2022K2"," Nordsjælland","6.7","Pct_q","Vacation house"
"2022K2"," Bornholm","3.1","Pct_q","Vacation house"
"2022K2"," Østsjælland","-2.2","Pct_q","Vacation house"
"2022K2"," Vest- og Sydsjælland","-0.6","Pct_q","Vacation house"
"2022K2"," Fyn","0.5","Pct_q","Vacation house"
"2022K2"," Sydjylland","6.9","Pct_q","Vacation house"
"2022K2"," Østjylland","-1.0","Pct_q","Vacation house"
"2022K2"," Vestjylland","0.4","Pct_q","Vacation house"
"2022K2"," Nordjylland","4.7","Pct_q","Vacation house"
"2022K3","Hele landet","-0.4","Pct_q","Vacation house"
"2022K3"," Byen København","0.0","Pct_q","Vacation house"
"2022K3"," Københavns omegn","0.0","Pct_q","Vacation house"
"2022K3"," Nordsjælland","-3.7","Pct_q","Vacation house"
"2022K3"," Bornholm","-8.3","Pct_q","Vacation house"
"2022K3"," Østsjælland","7.2","Pct_q","Vacation house"
"2022K3"," Vest- og Sydsjælland","0.2","Pct_q","Vacation house"
"2022K3"," Fyn","-0.8","Pct_q","Vacation house"
"2022K3"," Sydjylland","-1.4","Pct_q","Vacation house"
"2022K3"," Østjylland","0.9","Pct_q","Vacation house"
"2022K3"," Vestjylland","2.2","Pct_q","Vacation house"
"2022K3"," Nordjylland","1.7","Pct_q","Vacation house"
"2022K4","Hele landet","-3.9","Pct_q","Vacation house"
"2022K4"," Byen København","0.0","Pct_q","Vacation house"
"2022K4"," Københavns omegn","0.0","Pct_q","Vacation house"
"2022K4"," Nordsjælland","-10.2","Pct_q","Vacation house"
"2022K4"," Bornholm","13.6","Pct_q","Vacation house"
"2022K4"," Østsjælland","-1.3","Pct_q","Vacation house"
"2022K4"," Vest- og Sydsjælland","-4.1","Pct_q","Vacation house"
"2022K4"," Fyn","-11.4","Pct_q","Vacation house"
"2022K4"," Sydjylland","4.2","Pct_q","Vacation house"
"2022K4"," Østjylland","0.6","Pct_q","Vacation house"
"2022K4"," Vestjylland","-11.1","Pct_q","Vacation house"
"2022K4"," Nordjylland","-1.1","Pct_q","Vacation house"
"2023K1","Hele landet","0.1","Pct_q","Vacation house"
"2023K1"," Byen København","0.0","Pct_q","Vacation house"
"2023K1"," Københavns omegn","0.0","Pct_q","Vacation house"
"2023K1"," Nordsjælland","3.6","Pct_q","Vacation house"
"2023K1"," Bornholm","-3.1","Pct_q","Vacation house"
"2023K1"," Østsjælland","1.7","Pct_q","Vacation house"
"2023K1"," Vest- og Sydsjælland","-3.3","Pct_q","Vacation house"
"2023K1"," Fyn","17.9","Pct_q","Vacation house"
"2023K1"," Sydjylland","-1.6","Pct_q","Vacation house"
"2023K1"," Østjylland","-1.0","Pct_q","Vacation house"
"2023K1"," Vestjylland","5.4","Pct_q","Vacation house"
"2023K1"," Nordjylland","-2.8","Pct_q","Vacation house"
